insert into users (id, username, first_name, last_name, bio, email, pass, avatar, background, game_character) values (1, 'anelmes0', 'Alisun', 'Nelmes', '
Another year brakes a relevant chair. How can the gulf grade the careful wit? The hysterical worst malfunctions. An ancient yields the digest. Can a censor reason next to the telling doubt?', 'anelmes0@aboutads.info', 'hs2P9H9nH3', 'https://robohash.org/repellendusutipsa.bmp?size=100x100&set=set1', 'http://dummyimage.com/153x232.bmp/dddddd/000000', 'http://dummyimage.com/116x168.bmp/ff4444/ffffff');
insert into users (id, username, first_name, last_name, bio, email, pass, avatar, background, game_character) values (2, 'cstrettell1', 'Claudine', 'Strettell', 'The piano reverts on top of the charter! The rectangle rolls before the incapable revenge. A contour overlaps against the thumb. An automobile cashes a purchase within a supporting cluster. A copyright adjective balls a worm under his outright gasp.', 'cstrettell1@gnu.org', '1Ew4XBqR6JqM', 'https://robohash.org/deseruntrerumqui.bmp?size=100x100&set=set1', 'http://dummyimage.com/245x221.png/cc0000/ffffff', 'http://dummyimage.com/201x165.bmp/ff4444/ffffff');
insert into users (id, username, first_name, last_name, bio, email, pass, avatar, background, game_character) values (3, 'cdugood2', 'Claire', 'Dugood', 'A coast computerizes the designed excess. A native changes past a keeper! Another retired company worries against an idiot. The freezing chain writes with this stroke. When can an axiom kidnap an adjacent welcome?', 'cdugood2@spotify.com', 'Qbs7vfylikfH', 'https://robohash.org/occaecatidoloresiure.png?size=100x100&set=set1', 'http://dummyimage.com/161x102.bmp/ff4444/ffffff', 'http://dummyimage.com/196x165.jpg/5fa2dd/ffffff');
insert into users (id, username, first_name, last_name, bio, email, pass, avatar, background, game_character) values (4, 'cdohms3', 'Casi', 'Dohms', 'The threshold reaches past a calendar. My miscellaneous attack battles the giving radius. The wish extends the pedal slag before the female. The noble leaks without the coal. A seed rages?', 'cdohms3@craigslist.org', 'lvG7W7i', 'https://robohash.org/idsitvoluptas.png?size=100x100&set=set1', 'http://dummyimage.com/228x170.bmp/5fa2dd/ffffff', 'http://dummyimage.com/149x131.png/5fa2dd/ffffff');
insert into users (id, username, first_name, last_name, bio, email, pass, avatar, background, game_character) values (5, 'oblunn4', 'Olvan', 'Blunn', '
A promise fumes under our misery. When will the unrelated group breathe outside a sundry? The threatened spray truncates the dual alliance. The giving system moans throughout the break. The disaster resumes an epic voice.', 'oblunn4@nifty.com', 'ahzGDtsmu7eO', 'https://robohash.org/ipsamsolutarerum.png?size=100x100&set=set1', 'http://dummyimage.com/171x169.jpg/ff4444/ffffff', 'http://dummyimage.com/176x107.bmp/dddddd/000000');
insert into users (id, username, first_name, last_name, bio, email, pass, avatar, background, game_character) values (6, 'wstanlake5', 'Wernher', 'Stanlake', 'The cooking principal twists with the embarrassed geology. The adapted gang blinks the waffle underneath the decreased struggle. Why does a heated marriage count? The consumer rattles on top of the material boot.', 'wstanlake5@walmart.com', 'tTdMrzzzjAHZ', 'https://robohash.org/velitaperiamet.png?size=100x100&set=set1', 'http://dummyimage.com/201x121.bmp/cc0000/ffffff', 'http://dummyimage.com/210x102.png/ff4444/ffffff');
insert into users (id, username, first_name, last_name, bio, email, pass, avatar, background, game_character) values (7, 'rlongstaff6', 'Rollin', 'Longstaff', 'My boss offers the smallest paranoid. A disgusting praise buggers the electron. Why does the exhibit legitimize an atheism lecture? A prize gifts a lunch. The playground tubes the evil around the freezing poster.', 'rlongstaff6@about.com', '66is9AvHts', 'https://robohash.org/etauteius.png?size=100x100&set=set1', 'http://dummyimage.com/148x240.jpg/dddddd/000000', 'http://dummyimage.com/232x100.bmp/ff4444/ffffff');
insert into users (id, username, first_name, last_name, bio, email, pass, avatar, background, game_character) values (8, 'cgrammer7', 'Carlyle', 'Grammer', 'How will the opus mate the airport? Every humble east riots next to the atom. The bargain breaches a mimic near the analogue digest. The blank tears into a misfortune. Can a dust cough? Will an officer spread a loose cyclist?', 'cgrammer7@yandex.ru', 'DfQHfTE0W', 'https://robohash.org/oditsolutamolestias.png?size=100x100&set=set1', 'http://dummyimage.com/211x204.bmp/ff4444/ffffff', 'http://dummyimage.com/176x143.bmp/ff4444/ffffff');
insert into users (id, username, first_name, last_name, bio, email, pass, avatar, background, game_character) values (9, 'demett8', 'Desiri', 'Emett', 'The monkey chases the impaired numeral. A firework organizes the accident. The zone fears the twenty onion. The entrance chews on top of your headline. A gentleman chops the crush.', 'demett8@si.edu', 'M5jH8fw', 'https://robohash.org/etnobiset.png?size=100x100&set=set1', 'http://dummyimage.com/171x115.bmp/dddddd/000000', 'http://dummyimage.com/159x239.bmp/ff4444/ffffff');
insert into users (id, username, first_name, last_name, bio, email, pass, avatar, background, game_character) values (10, 'madame9', 'Myrilla', 'Adame', 'The smashing collective configures a changed rat. When can the boredom gutter a unexplained crisp? The diameter dislikes the odd bush throughout whatever chief. The mumble deeds my attack.', 'madame9@foxnews.com', '0xPTIKIiM', 'https://robohash.org/quoabmolestias.bmp?size=100x100&set=set1', 'http://dummyimage.com/143x126.png/5fa2dd/ffffff', 'http://dummyimage.com/176x155.bmp/5fa2dd/ffffff');
insert into users (id, username, first_name, last_name, bio, email, pass, avatar, background, game_character) values (11, 'jniesea', 'Jerrilee', 'Niese', 'The jargon ditches the corpse around the increased needle. How will a rattled tool toe the line? A bulb toes a deaf. The wealthy inventor alarms an approval within the optic chamber. The waste vintages the approved assault. When will the method fuss?', 'jniesea@foxnews.com', '11E5MurF', 'https://robohash.org/ipsumrepellendustenetur.bmp?size=100x100&set=set1', 'http://dummyimage.com/162x141.png/ff4444/ffffff', 'http://dummyimage.com/110x237.png/ff4444/ffffff');
insert into users (id, username, first_name, last_name, bio, email, pass, avatar, background, game_character) values (12, 'rgrindleyb', 'Roderick', 'Grindley', '
The postponed praise cakes the wide faithful. Above the jungle speaks a garble. An answer despairs underneath an unhappy kernel. The compelled teapot escapes.', 'rgrindleyb@mysql.com', 'siUOQfGIk4t', 'https://robohash.org/ipsumprovidentmaxime.png?size=100x100&set=set1', 'http://dummyimage.com/216x152.bmp/dddddd/000000', 'http://dummyimage.com/238x169.bmp/ff4444/ffffff');
insert into users (id, username, first_name, last_name, bio, email, pass, avatar, background, game_character) values (13, 'esenyardc', 'Elroy', 'Senyard', '
The broadcast target pauses over the horizontal stomach. The silicon finishes behind a wash. The bulk whale pops each alcoholic. Around an army hurts the mountain.', 'esenyardc@ftc.gov', 'YGZB0xz0pK', 'https://robohash.org/ipsumutnumquam.bmp?size=100x100&set=set1', 'http://dummyimage.com/225x189.png/dddddd/000000', 'http://dummyimage.com/231x244.png/cc0000/ffffff');
insert into users (id, username, first_name, last_name, bio, email, pass, avatar, background, game_character) values (14, 'cchevalierd', 'Cacilie', 'Chevalier', '
A spurious climate gossips. Does the irony disorder prize the corrupt author? The molecular deposit weds across the often museum. The signature amazes a wash.', 'cchevalierd@admin.ch', 'HTKKksmio', 'https://robohash.org/rerumvelitest.bmp?size=100x100&set=set1', 'http://dummyimage.com/125x131.bmp/cc0000/ffffff', 'http://dummyimage.com/229x226.jpg/5fa2dd/ffffff');
insert into users (id, username, first_name, last_name, bio, email, pass, avatar, background, game_character) values (15, 'dbodocse', 'Durante', 'Bodocs', 'How will another estate worm the liaison? The waved jail follows a gang. The snobbery scratches on top of the foul derivative. The medieval affair finalizes the firework. The blest dogma waves over her beloved. The disposable scroll doubts the march before the mandatory degenerate.', 'dbodocse@cyberchimps.com', 'GWO93NQpBC', 'https://robohash.org/velitvitaeatque.png?size=100x100&set=set1', 'http://dummyimage.com/146x205.jpg/dddddd/000000', 'http://dummyimage.com/203x222.png/cc0000/ffffff');
insert into users (id, username, first_name, last_name, bio, email, pass, avatar, background, game_character) values (16, 'mhackeltonf', 'Mercedes', 'Hackelton', 'The democratic censor lurks. The force tunnels the royal. The patent rots with the world. The farce flames a truncate capital.', 'mhackeltonf@wordpress.com', 'UF3JHvMCMk', 'https://robohash.org/quasetquo.bmp?size=100x100&set=set1', 'http://dummyimage.com/142x212.png/cc0000/ffffff', 'http://dummyimage.com/114x207.png/ff4444/ffffff');
insert into users (id, username, first_name, last_name, bio, email, pass, avatar, background, game_character) values (17, 'rdiggesg', 'Reine', 'Digges', 'The graduate reports a unaffected cabinet. The apple indulges below a cider. The exploding attitude belts the emptied geology. Her worth army exits outside this vile college. Any kidnapped banana triumphs with her predicted fur.', 'rdiggesg@netvibes.com', 'HSnQHAc3wYk', 'https://robohash.org/namoccaecatiet.jpg?size=100x100&set=set1', 'http://dummyimage.com/230x110.bmp/cc0000/ffffff', 'http://dummyimage.com/143x208.jpg/ff4444/ffffff');
insert into users (id, username, first_name, last_name, bio, email, pass, avatar, background, game_character) values (18, 'iquinneyh', 'Innis', 'Quinney', '
The coach runs. The troop watches the teacher. How can your remainder yield to the pure percentage? An applause exists beside a catching supernatural. The impersonal kernel colors.', 'iquinneyh@ft.com', 'Ab13XUwJbpGN', 'https://robohash.org/officiisdolorumvoluptatum.png?size=100x100&set=set1', 'http://dummyimage.com/170x191.png/cc0000/ffffff', 'http://dummyimage.com/133x241.bmp/dddddd/000000');
insert into users (id, username, first_name, last_name, bio, email, pass, avatar, background, game_character) values (19, 'msussansi', 'Marylynne', 'Sussans', '
The example measures the indicator. With the accomplished mandate explodes a leaded surplus. A consequence behaves? The confidence attends under an influential race. The wiring ploy wipes the random pit.', 'msussansi@tamu.edu', 'w4DFuD47eys4', 'https://robohash.org/vitaenihilincidunt.bmp?size=100x100&set=set1', 'http://dummyimage.com/201x228.jpg/ff4444/ffffff', 'http://dummyimage.com/120x153.jpg/5fa2dd/ffffff');
insert into users (id, username, first_name, last_name, bio, email, pass, avatar, background, game_character) values (20, 'mdanitj', 'Madel', 'Danit', 'I am super smart man you know', 'mdanitj@facebook.com', 'OAkaI0R', 'https://robohash.org/recusandaeautsed.png?size=100x100&set=set1', 'http://dummyimage.com/173x175.bmp/ff4444/ffffff', 'http://dummyimage.com/119x147.bmp/ff4444/ffffff');



INSERT INTO follow
  (user_id, follow_id)
VALUES(1, 2),
  (1, 3),
  (1, 4),
  (1, 5),
  (1, 6),
  (1, 7),
  (2, 3),
  (2, 4),
  (2, 5),
  (2, 6),
  (2, 7),
  (3, 4),
  (3, 5),
  (3, 6),
  (3, 7),
  (4, 5),
  (4, 6),
  (4, 7),
  (4, 8),
  (4, 9),
  (4, 10),
  (5, 11),
  (5, 12),
  (5, 13),
  (5, 14),
  (5, 15),
  (5, 16),
  (5, 17),
  (5, 18),
  (6, 11),
  (6, 12),
  (6, 13),
  (6, 14),
  (6, 15),
  (6, 16),
  (6, 17),
  (6, 18),
  (6, 11),
  (6, 12),
  (6, 13),
  (7, 14),
  (13, 15),
  (14, 16),
  (11, 17),
  (16, 18);



INSERT INTO soccer_session
  (start_time, end_time)
VALUES(CURRENT_TIMESTAMP, CURRENT_TIMESTAMP),
  (CURRENT_TIMESTAMP, CURRENT_TIMESTAMP),
  (CURRENT_TIMESTAMP, CURRENT_TIMESTAMP),
  (CURRENT_TIMESTAMP, CURRENT_TIMESTAMP),
  (CURRENT_TIMESTAMP, CURRENT_TIMESTAMP),
  (CURRENT_TIMESTAMP, CURRENT_TIMESTAMP),
  (CURRENT_TIMESTAMP, CURRENT_TIMESTAMP),
  (CURRENT_TIMESTAMP, CURRENT_TIMESTAMP),
  (CURRENT_TIMESTAMP, CURRENT_TIMESTAMP),
  (CURRENT_TIMESTAMP, CURRENT_TIMESTAMP),
  (CURRENT_TIMESTAMP, CURRENT_TIMESTAMP),
  (CURRENT_TIMESTAMP, CURRENT_TIMESTAMP),
  (CURRENT_TIMESTAMP, CURRENT_TIMESTAMP),
  (CURRENT_TIMESTAMP, CURRENT_TIMESTAMP),
  (CURRENT_TIMESTAMP, CURRENT_TIMESTAMP),
  (CURRENT_TIMESTAMP, CURRENT_TIMESTAMP),
  (CURRENT_TIMESTAMP, CURRENT_TIMESTAMP),
  (CURRENT_TIMESTAMP, CURRENT_TIMESTAMP),
  (CURRENT_TIMESTAMP, CURRENT_TIMESTAMP),
  (CURRENT_TIMESTAMP, CURRENT_TIMESTAMP),
  (CURRENT_TIMESTAMP, CURRENT_TIMESTAMP),
  (CURRENT_TIMESTAMP, CURRENT_TIMESTAMP);


INSERT INTO soccer_player
  (score, team, user_id, session_id)
VALUES
  (3, 'left', 1, 11),
  (4, 'left', 2, 11),
  (5, 'right', 3, 1),
  (6, 'right', 4, 1),
  (8, 'right', 3, 17),
  (2, 'left', 5, 2),
  (5, 'right', 8, 2),
  (3, 'left', 13, 1),
  (4, 'left', 2, 1),
  (5, 'right', 15, 11),
  (6, 'right', 11, 1),
  (8, 'right', 9, 17),
  (2, 'left', 3, 2),
  (5, 'right', 13, 2),
  (3, 'left', 12, 1),
  (4, 'left', 7, 1),
  (5, 'right', 3, 1),
  (6, 'right', 12, 1),
  (8, 'right', 15, 17),
  (2, 'left', 7, 2),
  (5, 'right', 10, 12),
  (3, 'left', 11, 8),
  (4, 'left', 12, 16),
  (5, 'right', 3, 1),
  (6, 'right', 4, 1),
  (8, 'right', 13, 7),
  (2, 'left', 16, 2),
  (5, 'right', 18, 2);


INSERT INTO friendship
  (user_id, receiver_id, request_status)
VALUES(1, 2, false),
  (1, 13, false),
  (1, 3, true),
  (1, 4, true),
  (1, 5, true),
  (1, 6, true),
  (1, 8, true),
  (2, 14, true),
  (2, 3, false),
  (3, 3, true),
  (3, 4, true),
  (4, 5, true),
  (4, 6, true),
  (5, 18, true),
  (5, 4, true),
  (6, 3, false),
  (6, 13, true),
  (7, 4, true),
  (7, 5, true),
  (8, 6, true),
  (8, 8, true),
  (9, 14, true),
  (9, 3, false),
  (10, 3, true),
  (10, 4, true),
  (11, 5, true),
  (11, 16, true),
  (12, 18, true),
  (12, 4, true),
  (13, 3, true),
  (13, 14, true),
  (14, 5, true),
  (14, 6, true),
  (15, 8, true),
  (15, 14, true),
  (16, 3, false),
  (16, 3, true),
  (17, 4, true),
  (17, 15, true),
  (18, 6, true),
  (18, 19, true),
  (19, 20, true),
  (19, 3, false);
  

INSERT INTO user_posts
  (sender_id, receiver_id, message_title,sent_message, time_of_post)
VALUES
  (1, 2, 'Love' , 'dont you dare to waste my time you little strawberry shortcake', CURRENT_TIMESTAMP),
  (2, 3, 'flirt', 'why are you so cute', CURRENT_TIMESTAMP),
  (12 , 14, 'Greetings', 'hello there, pleased to make your acquaintance you little chestnut in the hole stuck in dry concrete', CURRENT_TIMESTAMP),
  (4, 6, 'Belieber', 'I am a belieber', CURRENT_TIMESTAMP),
  (11, 5, 'For Vicky', 'jst to let you know, I will always love you. no matte where, when, until the end of time', CURRENT_TIMESTAMP),
  (4, 17, 'sups', 'sup man, how you doing', CURRENT_TIMESTAMP),
  (2, 3, 'youtube', 'hey checkout this link', CURRENT_TIMESTAMP),
  (6, 4, 'Belieber', 'I love Bieber', CURRENT_TIMESTAMP),
    (1, 2, 'typing' , 'my typing speed is the best', CURRENT_TIMESTAMP),
  (2, 3, 'tyler', 'why are you so cute', CURRENT_TIMESTAMP),
  (2 , 4, 'Anchen', 'he is the friendship maker', CURRENT_TIMESTAMP),
  (4, 6, 'selin', 'Wheres tyler?', CURRENT_TIMESTAMP),
  (1, 5, 'Joe', 'where am I?', CURRENT_TIMESTAMP),
  (4, 7, 'john', 'Whats yall, this is john in the house. you guys ready to party?', CURRENT_TIMESTAMP),
  (2, 3, 'hmm', 'hey checkout this link', CURRENT_TIMESTAMP),
  (16, 4, 'viet', 'I love woodpeckers and dollar sign', CURRENT_TIMESTAMP),
    (1, 2, 'coffee' , 'i dont thnk i can live without coffee', CURRENT_TIMESTAMP),
  (2, 3, 'cups', 'do you think there will be less people in the world without cups', CURRENT_TIMESTAMP),
  (2 , 14, 'long hair', 'do you like girls with long hair or short hair?', CURRENT_TIMESTAMP),
  (4, 6, 'ears', 'do you think pointy ears are attractive?', CURRENT_TIMESTAMP),
  (1, 5, 'feet', 'I am looking for a foot model for my feet medicine product, does anyone know where to find one', CURRENT_TIMESTAMP),
  (4, 7, 'bloodborne', 'I love playing video games. bloodborne is one of my all time favorites', CURRENT_TIMESTAMP),
  (2, 3, 'cutie pie', 'I think im in love with you ', CURRENT_TIMESTAMP),
  (6, 14, 'my little angel', 'you are the best in the world', CURRENT_TIMESTAMP),
    (1, 12, 'Hi' , 'just testing if this chat works, its the best now', CURRENT_TIMESTAMP),
  (20, 3, 'chips', 'I think bags of chips are amazing', CURRENT_TIMESTAMP),
  (2 , 14, 'hands', 'anyone have ugly hands? i need see them do work', CURRENT_TIMESTAMP),
  (14, 16, 'data', 'this databse is awesome. Created by jayjayting', CURRENT_TIMESTAMP),
  (11, 15, 'bottles', 'I love drinking from water bottles its the best in the world cuz i said so you little mother', CURRENT_TIMESTAMP),
  (14, 7, 'almost done', 'almost done!!with this project I cant wait to complete it and do soemthing else', CURRENT_TIMESTAMP),
  (12, 3, 'mustard', 'i love dipping mustard sauce with ketchup for my hotdawg', CURRENT_TIMESTAMP),
  (16, 4, 'beautiful', 'I can see beauty in every person in the world. even serial killers', CURRENT_TIMESTAMP),
    (1, 12, 'creepy' , 'love you baby', CURRENT_TIMESTAMP),
  (2, 3, 'heh', 'hehehehhehehehehehehehehhehehehehhee', CURRENT_TIMESTAMP),
  (12 , 14, 'woah', 'hold your horses you little fly in the dying night of the day and night little ', CURRENT_TIMESTAMP),
  (14, 6, 'random typing', 'Im just tyring to type as fast as i can with this keyboard creating this data base', CURRENT_TIMESTAMP),
  (1, 15, 'type racer', 'type racer is actually super fun. I like playing it but im actually not so good at it. the best i can get is about 100 wpm', CURRENT_TIMESTAMP),
  (4, 7, 'woahhhh', 'hey man checkout this link its the best', CURRENT_TIMESTAMP),
  (2, 3, 'data', 'almost completed this database i cant believe im writing all the posts of random non existant users', CURRENT_TIMESTAMP),
  (6, 4, 'Tyler', 'I love Bieber', CURRENT_TIMESTAMP);
  insert into user_posts (id, sender_id, receiver_id, message_title, sent_message, time_of_post) values (1, 15, 13, 'Rabbit, eastern cottontail', 'Duis bibendum. Morbi non quam nec dui luctus rutrum.', '2019-03-22 22:49:53');
insert into user_posts (id, sender_id, receiver_id, message_title, sent_message, time_of_post) values (2, 8, 13, 'Skua, long-tailed', 'Donec semper sapien a libero. Nam dui. Proin leo odio, porttitor id, consequat in, consequat ut, nulla. Sed accumsan felis. Ut at dolor quis odio consequat varius. Integer ac leo. Pellentesque ultrices mattis odio. Donec vitae nisi. Nam ultrices, libero non mattis pulvinar, nulla pede ullamcorper augue, a suscipit nulla elit ac nulla. Sed vel enim sit amet nunc viverra dapibus.', '2019-06-03 16:00:22');
insert into user_posts (id, sender_id, receiver_id, message_title, sent_message, time_of_post) values (3, 18, 4, 'Beaver, american', 'Praesent id massa id nisl venenatis lacinia. Aenean sit amet justo.', '2019-07-21 13:17:35');
insert into user_posts (id, sender_id, receiver_id, message_title, sent_message, time_of_post) values (4, 20, 16, 'Starling, superb', 'In hac habitasse platea dictumst. Etiam faucibus cursus urna. Ut tellus. Nulla ut erat id mauris vulputate elementum.', '2019-07-29 08:02:02');
insert into user_posts (id, sender_id, receiver_id, message_title, sent_message, time_of_post) values (5, 2, 18, 'Giant heron', 'Vestibulum ante ipsum primis in faucibus orci luctus et ultrices posuere cubilia Curae; Donec pharetra, magna vestibulum aliquet ultrices, erat tortor sollicitudin mi, sit amet lobortis sapien sapien non mi. Integer ac neque. Duis bibendum.', '2018-11-07 19:59:13');
insert into user_posts (id, sender_id, receiver_id, message_title, sent_message, time_of_post) values (6, 3, 20, 'Ovenbird', 'Cum sociis natoque penatibus et magnis dis parturient montes, nascetur ridiculus mus. Vivamus vestibulum sagittis sapien. Cum sociis natoque penatibus et magnis dis parturient montes, nascetur ridiculus mus. Etiam vel augue. Vestibulum rutrum rutrum neque. Aenean auctor gravida sem.', '2018-11-02 13:14:40');
insert into user_posts (id, sender_id, receiver_id, message_title, sent_message, time_of_post) values (7, 5, 19, 'White-tailed jackrabbit', 'In tempor, turpis nec euismod scelerisque, quam turpis adipiscing lorem, vitae mattis nibh ligula nec sem. Duis aliquam convallis nunc. Proin at turpis a pede posuere nonummy. Integer non velit. Donec diam neque, vestibulum eget, vulputate ut, ultrices vel, augue. Vestibulum ante ipsum primis in faucibus orci luctus et ultrices posuere cubilia Curae; Donec pharetra, magna vestibulum aliquet ultrices, erat tortor sollicitudin mi, sit amet lobortis sapien sapien non mi. Integer ac neque. Duis bibendum. Morbi non quam nec dui luctus rutrum. Nulla tellus.', '2019-01-14 23:14:22');
insert into user_posts (id, sender_id, receiver_id, message_title, sent_message, time_of_post) values (8, 9, 13, 'Porcupine, prehensile-tailed', 'Vivamus vel nulla eget eros elementum pellentesque. Quisque porta volutpat erat. Quisque erat eros, viverra eget, congue eget, semper rutrum, nulla. Nunc purus. Phasellus in felis. Donec semper sapien a libero. Nam dui.', '2019-02-12 22:09:30');
insert into user_posts (id, sender_id, receiver_id, message_title, sent_message, time_of_post) values (9, 8, 4, 'Pampa gray fox', 'Donec ut dolor. Morbi vel lectus in quam fringilla rhoncus.', '2019-06-01 15:22:26');
insert into user_posts (id, sender_id, receiver_id, message_title, sent_message, time_of_post) values (10, 14, 10, 'Brown lemur', 'Aliquam erat volutpat. In congue. Etiam justo. Etiam pretium iaculis justo. In hac habitasse platea dictumst. Etiam faucibus cursus urna. Ut tellus. Nulla ut erat id mauris vulputate elementum. Nullam varius. Nulla facilisi.', '2019-09-08 03:47:56');
insert into user_posts (id, sender_id, receiver_id, message_title, sent_message, time_of_post) values (11, 6, 20, 'Buttermilk snake', 'Etiam pretium iaculis justo. In hac habitasse platea dictumst. Etiam faucibus cursus urna. Ut tellus. Nulla ut erat id mauris vulputate elementum. Nullam varius. Nulla facilisi. Cras non velit nec nisi vulputate nonummy.', '2019-05-30 13:52:06');
insert into user_posts (id, sender_id, receiver_id, message_title, sent_message, time_of_post) values (12, 3, 8, 'Raccoon, crab-eating', 'Nunc purus. Phasellus in felis. Donec semper sapien a libero.', '2019-04-13 11:13:45');
insert into user_posts (id, sender_id, receiver_id, message_title, sent_message, time_of_post) values (13, 20, 6, 'Oryx, beisa', 'Praesent lectus.', '2018-11-25 19:54:41');
insert into user_posts (id, sender_id, receiver_id, message_title, sent_message, time_of_post) values (14, 4, 4, 'Guerza', 'Vestibulum ante ipsum primis in faucibus orci luctus et ultrices posuere cubilia Curae; Mauris viverra diam vitae quam. Suspendisse potenti. Nullam porttitor lacus at turpis. Donec posuere metus vitae ipsum.', '2019-09-02 08:08:12');
insert into user_posts (id, sender_id, receiver_id, message_title, sent_message, time_of_post) values (15, 3, 7, 'Goose, greylag', 'Sed ante. Vivamus tortor.', '2019-07-09 16:12:00');
insert into user_posts (id, sender_id, receiver_id, message_title, sent_message, time_of_post) values (16, 9, 4, 'Deer, savannah', 'In hac habitasse platea dictumst. Morbi vestibulum, velit id pretium iaculis, diam erat fermentum justo, nec condimentum neque sapien placerat ante. Nulla justo. Aliquam quis turpis eget elit sodales scelerisque. Mauris sit amet eros. Suspendisse accumsan tortor quis turpis. Sed ante. Vivamus tortor.', '2018-12-17 16:39:45');
insert into user_posts (id, sender_id, receiver_id, message_title, sent_message, time_of_post) values (17, 18, 1, 'Horned lark', 'In est risus, auctor sed, tristique in, tempus sit amet, sem. Fusce consequat. Nulla nisl. Nunc nisl. Duis bibendum, felis sed interdum venenatis, turpis enim blandit mi, in porttitor pede justo eu massa. Donec dapibus. Duis at velit eu est congue elementum. In hac habitasse platea dictumst. Morbi vestibulum, velit id pretium iaculis, diam erat fermentum justo, nec condimentum neque sapien placerat ante. Nulla justo.', '2018-12-31 21:06:05');
insert into user_posts (id, sender_id, receiver_id, message_title, sent_message, time_of_post) values (18, 4, 18, 'Lion, australian sea', 'Cras non velit nec nisi vulputate nonummy. Maecenas tincidunt lacus at velit.', '2019-01-01 13:24:24');
insert into user_posts (id, sender_id, receiver_id, message_title, sent_message, time_of_post) values (19, 2, 4, 'Cuis', 'Nulla neque libero, convallis eget, eleifend luctus, ultricies eu, nibh.', '2018-09-24 03:48:09');
insert into user_posts (id, sender_id, receiver_id, message_title, sent_message, time_of_post) values (20, 10, 19, 'Openbill stork', 'Lorem ipsum dolor sit amet, consectetuer adipiscing elit. Proin interdum mauris non ligula pellentesque ultrices. Phasellus id sapien in sapien iaculis congue. Vivamus metus arcu, adipiscing molestie, hendrerit at, vulputate vitae, nisl. Aenean lectus. Pellentesque eget nunc. Donec quis orci eget orci vehicula condimentum. Curabitur in libero ut massa volutpat convallis.', '2019-08-18 00:44:22');
insert into user_posts (id, sender_id, receiver_id, message_title, sent_message, time_of_post) values (21, 20, 17, 'Lion, african', 'Proin eu mi. Nulla ac enim. In tempor, turpis nec euismod scelerisque, quam turpis adipiscing lorem, vitae mattis nibh ligula nec sem. Duis aliquam convallis nunc. Proin at turpis a pede posuere nonummy.', '2019-01-20 19:18:12');
insert into user_posts (id, sender_id, receiver_id, message_title, sent_message, time_of_post) values (22, 15, 14, 'Pied cormorant', 'Suspendisse potenti.', '2019-03-31 09:19:16');
insert into user_posts (id, sender_id, receiver_id, message_title, sent_message, time_of_post) values (23, 4, 8, 'Burmese brown mountain tortoise', 'Proin at turpis a pede posuere nonummy. Integer non velit. Donec diam neque, vestibulum eget, vulputate ut, ultrices vel, augue. Vestibulum ante ipsum primis in faucibus orci luctus et ultrices posuere cubilia Curae; Donec pharetra, magna vestibulum aliquet ultrices, erat tortor sollicitudin mi, sit amet lobortis sapien sapien non mi. Integer ac neque. Duis bibendum.', '2019-02-14 16:52:43');
insert into user_posts (id, sender_id, receiver_id, message_title, sent_message, time_of_post) values (24, 20, 10, 'Wallaby, tammar', 'Suspendisse ornare consequat lectus. In est risus, auctor sed, tristique in, tempus sit amet, sem. Fusce consequat. Nulla nisl. Nunc nisl. Duis bibendum, felis sed interdum venenatis, turpis enim blandit mi, in porttitor pede justo eu massa. Donec dapibus. Duis at velit eu est congue elementum. In hac habitasse platea dictumst.', '2019-05-04 10:55:41');
insert into user_posts (id, sender_id, receiver_id, message_title, sent_message, time_of_post) values (25, 14, 1, 'Green-winged trumpeter', 'Fusce posuere felis sed lacus. Morbi sem mauris, laoreet ut, rhoncus aliquet, pulvinar sed, nisl.', '2019-04-30 06:29:22');
insert into user_posts (id, sender_id, receiver_id, message_title, sent_message, time_of_post) values (26, 11, 2, 'Gazer, sun', 'Morbi vestibulum, velit id pretium iaculis, diam erat fermentum justo, nec condimentum neque sapien placerat ante. Nulla justo. Aliquam quis turpis eget elit sodales scelerisque. Mauris sit amet eros. Suspendisse accumsan tortor quis turpis. Sed ante.', '2018-11-25 04:15:15');
insert into user_posts (id, sender_id, receiver_id, message_title, sent_message, time_of_post) values (27, 16, 10, 'Boa, mexican', 'Quisque porta volutpat erat. Quisque erat eros, viverra eget, congue eget, semper rutrum, nulla. Nunc purus. Phasellus in felis. Donec semper sapien a libero. Nam dui. Proin leo odio, porttitor id, consequat in, consequat ut, nulla. Sed accumsan felis. Ut at dolor quis odio consequat varius. Integer ac leo.', '2019-03-08 07:08:44');
insert into user_posts (id, sender_id, receiver_id, message_title, sent_message, time_of_post) values (28, 18, 7, 'Common grenadier', 'Quisque porta volutpat erat. Quisque erat eros, viverra eget, congue eget, semper rutrum, nulla.', '2019-06-15 22:09:56');
insert into user_posts (id, sender_id, receiver_id, message_title, sent_message, time_of_post) values (29, 18, 8, 'Fringe-eared oryx', 'Morbi sem mauris, laoreet ut, rhoncus aliquet, pulvinar sed, nisl.', '2018-10-20 15:43:39');
insert into user_posts (id, sender_id, receiver_id, message_title, sent_message, time_of_post) values (30, 3, 9, 'Eurasian hoopoe', 'Donec odio justo, sollicitudin ut, suscipit a, feugiat et, eros. Vestibulum ac est lacinia nisi venenatis tristique. Fusce congue, diam id ornare imperdiet, sapien urna pretium nisl, ut volutpat sapien arcu sed augue. Aliquam erat volutpat. In congue. Etiam justo. Etiam pretium iaculis justo. In hac habitasse platea dictumst.', '2018-11-28 04:22:32');
insert into user_posts (id, sender_id, receiver_id, message_title, sent_message, time_of_post) values (31, 15, 18, 'Deer, white-tailed', 'Integer pede justo, lacinia eget, tincidunt eget, tempus vel, pede. Morbi porttitor lorem id ligula.', '2019-03-01 06:21:11');
insert into user_posts (id, sender_id, receiver_id, message_title, sent_message, time_of_post) values (32, 19, 19, 'Columbian rainbow boa', 'Suspendisse ornare consequat lectus. In est risus, auctor sed, tristique in, tempus sit amet, sem. Fusce consequat.', '2019-01-28 23:35:08');
insert into user_posts (id, sender_id, receiver_id, message_title, sent_message, time_of_post) values (33, 2, 16, 'Grant''s gazelle', 'In eleifend quam a odio. In hac habitasse platea dictumst. Maecenas ut massa quis augue luctus tincidunt. Nulla mollis molestie lorem. Quisque ut erat. Curabitur gravida nisi at nibh. In hac habitasse platea dictumst.', '2018-09-19 12:43:31');
insert into user_posts (id, sender_id, receiver_id, message_title, sent_message, time_of_post) values (34, 8, 10, 'Buffalo, asian water', 'Morbi vel lectus in quam fringilla rhoncus.', '2019-04-14 21:06:23');
insert into user_posts (id, sender_id, receiver_id, message_title, sent_message, time_of_post) values (35, 9, 5, 'Fowl, helmeted guinea', 'Etiam vel augue. Vestibulum rutrum rutrum neque. Aenean auctor gravida sem. Praesent id massa id nisl venenatis lacinia. Aenean sit amet justo.', '2018-12-11 01:48:45');
insert into user_posts (id, sender_id, receiver_id, message_title, sent_message, time_of_post) values (36, 18, 9, 'Eagle, pallas''s fish', 'Donec ut dolor. Morbi vel lectus in quam fringilla rhoncus. Mauris enim leo, rhoncus sed, vestibulum sit amet, cursus id, turpis. Integer aliquet, massa id lobortis convallis, tortor risus dapibus augue, vel accumsan tellus nisi eu orci.', '2019-03-31 22:05:02');
insert into user_posts (id, sender_id, receiver_id, message_title, sent_message, time_of_post) values (37, 4, 7, 'Lion, steller''s sea', 'Ut at dolor quis odio consequat varius. Integer ac leo. Pellentesque ultrices mattis odio.', '2018-10-18 00:52:05');
insert into user_posts (id, sender_id, receiver_id, message_title, sent_message, time_of_post) values (38, 16, 1, 'Wallaroo, common', 'Mauris sit amet eros.', '2018-10-11 21:31:15');
insert into user_posts (id, sender_id, receiver_id, message_title, sent_message, time_of_post) values (39, 16, 15, 'Brown brocket', 'In hac habitasse platea dictumst.', '2019-03-21 10:36:54');
insert into user_posts (id, sender_id, receiver_id, message_title, sent_message, time_of_post) values (40, 10, 7, 'Rat, white-faced tree', 'Nullam sit amet turpis elementum ligula vehicula consequat. Morbi a ipsum. Integer a nibh. In quis justo. Maecenas rhoncus aliquam lacus. Morbi quis tortor id nulla ultrices aliquet. Maecenas leo odio, condimentum id, luctus nec, molestie sed, justo.', '2019-07-29 05:22:37');
insert into user_posts (id, sender_id, receiver_id, message_title, sent_message, time_of_post) values (41, 19, 1, 'White-faced whistling duck', 'Lorem ipsum dolor sit amet, consectetuer adipiscing elit.', '2018-10-22 23:47:47');
insert into user_posts (id, sender_id, receiver_id, message_title, sent_message, time_of_post) values (42, 14, 13, 'Siskin, pine', 'Vestibulum sed magna at nunc commodo placerat. Praesent blandit. Nam nulla. Integer pede justo, lacinia eget, tincidunt eget, tempus vel, pede. Morbi porttitor lorem id ligula.', '2019-03-04 23:45:38');
insert into user_posts (id, sender_id, receiver_id, message_title, sent_message, time_of_post) values (43, 17, 2, 'Cat, native', 'Vestibulum ante ipsum primis in faucibus orci luctus et ultrices posuere cubilia Curae; Donec pharetra, magna vestibulum aliquet ultrices, erat tortor sollicitudin mi, sit amet lobortis sapien sapien non mi. Integer ac neque.', '2018-11-17 11:37:50');
insert into user_posts (id, sender_id, receiver_id, message_title, sent_message, time_of_post) values (44, 19, 20, 'Snake, buttermilk', 'Nulla ut erat id mauris vulputate elementum. Nullam varius. Nulla facilisi. Cras non velit nec nisi vulputate nonummy. Maecenas tincidunt lacus at velit.', '2019-03-30 18:32:16');
insert into user_posts (id, sender_id, receiver_id, message_title, sent_message, time_of_post) values (45, 6, 13, 'Fringe-eared oryx', 'Aliquam augue quam, sollicitudin vitae, consectetuer eget, rutrum at, lorem.', '2019-01-24 22:50:18');
insert into user_posts (id, sender_id, receiver_id, message_title, sent_message, time_of_post) values (46, 8, 18, 'Galah', 'Morbi a ipsum. Integer a nibh. In quis justo.', '2018-12-08 18:29:25');
insert into user_posts (id, sender_id, receiver_id, message_title, sent_message, time_of_post) values (47, 15, 9, 'Duck, mountain', 'Phasellus in felis.', '2019-07-18 18:26:24');
insert into user_posts (id, sender_id, receiver_id, message_title, sent_message, time_of_post) values (48, 2, 10, 'Moose', 'Nulla mollis molestie lorem. Quisque ut erat. Curabitur gravida nisi at nibh. In hac habitasse platea dictumst. Aliquam augue quam, sollicitudin vitae, consectetuer eget, rutrum at, lorem. Integer tincidunt ante vel ipsum. Praesent blandit lacinia erat. Vestibulum sed magna at nunc commodo placerat. Praesent blandit.', '2019-05-21 16:48:16');
insert into user_posts (id, sender_id, receiver_id, message_title, sent_message, time_of_post) values (49, 7, 20, 'Lion, australian sea', 'Duis ac nibh. Fusce lacus purus, aliquet at, feugiat non, pretium quis, lectus.', '2019-04-14 13:12:15');
insert into user_posts (id, sender_id, receiver_id, message_title, sent_message, time_of_post) values (50, 5, 10, 'Wolf, timber', 'Aliquam erat volutpat. In congue. Etiam justo. Etiam pretium iaculis justo. In hac habitasse platea dictumst. Etiam faucibus cursus urna.', '2019-02-03 11:11:21');
insert into user_posts (id, sender_id, receiver_id, message_title, sent_message, time_of_post) values (51, 20, 11, 'Bustard, kori', 'Duis bibendum. Morbi non quam nec dui luctus rutrum.', '2018-12-18 06:44:42');
insert into user_posts (id, sender_id, receiver_id, message_title, sent_message, time_of_post) values (52, 20, 20, 'Greater adjutant stork', 'Quisque porta volutpat erat. Quisque erat eros, viverra eget, congue eget, semper rutrum, nulla. Nunc purus.', '2019-09-04 05:47:22');
insert into user_posts (id, sender_id, receiver_id, message_title, sent_message, time_of_post) values (53, 18, 13, 'Painted stork', 'Etiam faucibus cursus urna. Ut tellus. Nulla ut erat id mauris vulputate elementum. Nullam varius.', '2019-02-12 16:35:40');
insert into user_posts (id, sender_id, receiver_id, message_title, sent_message, time_of_post) values (54, 17, 17, 'Armadillo, giant', 'Donec quis orci eget orci vehicula condimentum. Curabitur in libero ut massa volutpat convallis. Morbi odio odio, elementum eu, interdum eu, tincidunt in, leo. Maecenas pulvinar lobortis est. Phasellus sit amet erat. Nulla tempus. Vivamus in felis eu sapien cursus vestibulum.', '2019-05-17 21:25:35');
insert into user_posts (id, sender_id, receiver_id, message_title, sent_message, time_of_post) values (55, 1, 11, 'Sparrow, house', 'In quis justo. Maecenas rhoncus aliquam lacus. Morbi quis tortor id nulla ultrices aliquet. Maecenas leo odio, condimentum id, luctus nec, molestie sed, justo.', '2019-04-07 02:13:07');
insert into user_posts (id, sender_id, receiver_id, message_title, sent_message, time_of_post) values (56, 6, 11, 'Coatimundi, white-nosed', 'Duis aliquam convallis nunc. Proin at turpis a pede posuere nonummy. Integer non velit. Donec diam neque, vestibulum eget, vulputate ut, ultrices vel, augue. Vestibulum ante ipsum primis in faucibus orci luctus et ultrices posuere cubilia Curae; Donec pharetra, magna vestibulum aliquet ultrices, erat tortor sollicitudin mi, sit amet lobortis sapien sapien non mi.', '2018-12-23 08:47:39');
insert into user_posts (id, sender_id, receiver_id, message_title, sent_message, time_of_post) values (57, 3, 12, 'Vulture, oriental white-backed', 'Nam congue, risus semper porta volutpat, quam pede lobortis ligula, sit amet eleifend pede libero quis orci. Nullam molestie nibh in lectus. Pellentesque at nulla.', '2019-04-16 00:29:22');
insert into user_posts (id, sender_id, receiver_id, message_title, sent_message, time_of_post) values (58, 18, 5, 'Pallas''s fish eagle', 'Cras pellentesque volutpat dui. Maecenas tristique, est et tempus semper, est quam pharetra magna, ac consequat metus sapien ut nunc. Vestibulum ante ipsum primis in faucibus orci luctus et ultrices posuere cubilia Curae; Mauris viverra diam vitae quam. Suspendisse potenti. Nullam porttitor lacus at turpis. Donec posuere metus vitae ipsum.', '2018-11-09 08:30:35');
insert into user_posts (id, sender_id, receiver_id, message_title, sent_message, time_of_post) values (59, 7, 6, 'Baboon, savanna', 'Nulla justo. Aliquam quis turpis eget elit sodales scelerisque. Mauris sit amet eros. Suspendisse accumsan tortor quis turpis. Sed ante. Vivamus tortor. Duis mattis egestas metus.', '2018-11-04 08:58:31');
insert into user_posts (id, sender_id, receiver_id, message_title, sent_message, time_of_post) values (60, 18, 18, 'Falcon, peregrine', 'Mauris lacinia sapien quis libero. Nullam sit amet turpis elementum ligula vehicula consequat. Morbi a ipsum. Integer a nibh.', '2019-06-04 05:34:41');
insert into user_posts (id, sender_id, receiver_id, message_title, sent_message, time_of_post) values (61, 16, 11, 'Macaw, red and blue', 'Proin interdum mauris non ligula pellentesque ultrices. Phasellus id sapien in sapien iaculis congue. Vivamus metus arcu, adipiscing molestie, hendrerit at, vulputate vitae, nisl.', '2019-06-07 18:30:28');
insert into user_posts (id, sender_id, receiver_id, message_title, sent_message, time_of_post) values (62, 11, 8, 'Australian masked owl', 'Fusce posuere felis sed lacus. Morbi sem mauris, laoreet ut, rhoncus aliquet, pulvinar sed, nisl. Nunc rhoncus dui vel sem. Sed sagittis. Nam congue, risus semper porta volutpat, quam pede lobortis ligula, sit amet eleifend pede libero quis orci. Nullam molestie nibh in lectus. Pellentesque at nulla. Suspendisse potenti. Cras in purus eu magna vulputate luctus.', '2019-09-05 15:29:21');
insert into user_posts (id, sender_id, receiver_id, message_title, sent_message, time_of_post) values (63, 8, 7, 'Lily trotter', 'Quisque id justo sit amet sapien dignissim vestibulum. Vestibulum ante ipsum primis in faucibus orci luctus et ultrices posuere cubilia Curae; Nulla dapibus dolor vel est. Donec odio justo, sollicitudin ut, suscipit a, feugiat et, eros. Vestibulum ac est lacinia nisi venenatis tristique. Fusce congue, diam id ornare imperdiet, sapien urna pretium nisl, ut volutpat sapien arcu sed augue. Aliquam erat volutpat. In congue.', '2019-08-05 20:17:43');
insert into user_posts (id, sender_id, receiver_id, message_title, sent_message, time_of_post) values (64, 7, 6, 'Egyptian viper', 'Fusce congue, diam id ornare imperdiet, sapien urna pretium nisl, ut volutpat sapien arcu sed augue. Aliquam erat volutpat. In congue.', '2019-05-08 20:57:11');
insert into user_posts (id, sender_id, receiver_id, message_title, sent_message, time_of_post) values (65, 18, 18, 'Waxbill, violet-eared', 'Nullam varius.', '2019-06-16 22:27:45');
insert into user_posts (id, sender_id, receiver_id, message_title, sent_message, time_of_post) values (66, 11, 1, 'Long-crested hawk eagle', 'Praesent lectus. Vestibulum quam sapien, varius ut, blandit non, interdum in, ante. Vestibulum ante ipsum primis in faucibus orci luctus et ultrices posuere cubilia Curae; Duis faucibus accumsan odio. Curabitur convallis. Duis consequat dui nec nisi volutpat eleifend. Donec ut dolor. Morbi vel lectus in quam fringilla rhoncus.', '2018-11-01 05:54:24');
insert into user_posts (id, sender_id, receiver_id, message_title, sent_message, time_of_post) values (67, 18, 17, 'Wolf spider', 'In sagittis dui vel nisl. Duis ac nibh. Fusce lacus purus, aliquet at, feugiat non, pretium quis, lectus. Suspendisse potenti. In eleifend quam a odio. In hac habitasse platea dictumst. Maecenas ut massa quis augue luctus tincidunt. Nulla mollis molestie lorem.', '2018-11-08 08:43:57');
insert into user_posts (id, sender_id, receiver_id, message_title, sent_message, time_of_post) values (68, 17, 20, 'Osprey', 'Pellentesque viverra pede ac diam. Cras pellentesque volutpat dui. Maecenas tristique, est et tempus semper, est quam pharetra magna, ac consequat metus sapien ut nunc. Vestibulum ante ipsum primis in faucibus orci luctus et ultrices posuere cubilia Curae; Mauris viverra diam vitae quam. Suspendisse potenti. Nullam porttitor lacus at turpis. Donec posuere metus vitae ipsum. Aliquam non mauris. Morbi non lectus.', '2018-12-30 12:24:18');
insert into user_posts (id, sender_id, receiver_id, message_title, sent_message, time_of_post) values (69, 19, 12, 'Stork, painted', 'Phasellus id sapien in sapien iaculis congue. Vivamus metus arcu, adipiscing molestie, hendrerit at, vulputate vitae, nisl. Aenean lectus. Pellentesque eget nunc. Donec quis orci eget orci vehicula condimentum. Curabitur in libero ut massa volutpat convallis. Morbi odio odio, elementum eu, interdum eu, tincidunt in, leo.', '2019-03-05 21:44:45');
insert into user_posts (id, sender_id, receiver_id, message_title, sent_message, time_of_post) values (70, 8, 20, 'Fairy penguin', 'Fusce posuere felis sed lacus. Morbi sem mauris, laoreet ut, rhoncus aliquet, pulvinar sed, nisl. Nunc rhoncus dui vel sem. Sed sagittis. Nam congue, risus semper porta volutpat, quam pede lobortis ligula, sit amet eleifend pede libero quis orci.', '2018-11-26 16:47:17');
insert into user_posts (id, sender_id, receiver_id, message_title, sent_message, time_of_post) values (71, 19, 1, 'Civet, common palm', 'Nulla justo.', '2019-07-14 10:01:09');
insert into user_posts (id, sender_id, receiver_id, message_title, sent_message, time_of_post) values (72, 16, 13, 'American racer', 'Duis bibendum. Morbi non quam nec dui luctus rutrum. Nulla tellus.', '2019-07-15 09:41:12');
insert into user_posts (id, sender_id, receiver_id, message_title, sent_message, time_of_post) values (73, 18, 9, 'Cape clawless otter', 'Donec vitae nisi. Nam ultrices, libero non mattis pulvinar, nulla pede ullamcorper augue, a suscipit nulla elit ac nulla. Sed vel enim sit amet nunc viverra dapibus.', '2018-09-15 12:41:57');
insert into user_posts (id, sender_id, receiver_id, message_title, sent_message, time_of_post) values (74, 16, 10, 'Turtle (unidentified)', 'Integer non velit. Donec diam neque, vestibulum eget, vulputate ut, ultrices vel, augue. Vestibulum ante ipsum primis in faucibus orci luctus et ultrices posuere cubilia Curae; Donec pharetra, magna vestibulum aliquet ultrices, erat tortor sollicitudin mi, sit amet lobortis sapien sapien non mi. Integer ac neque. Duis bibendum. Morbi non quam nec dui luctus rutrum. Nulla tellus. In sagittis dui vel nisl. Duis ac nibh.', '2018-11-16 08:33:58');
insert into user_posts (id, sender_id, receiver_id, message_title, sent_message, time_of_post) values (75, 14, 13, 'Two-toed sloth', 'Nunc purus. Phasellus in felis. Donec semper sapien a libero. Nam dui. Proin leo odio, porttitor id, consequat in, consequat ut, nulla. Sed accumsan felis.', '2019-08-12 08:20:45');
insert into user_posts (id, sender_id, receiver_id, message_title, sent_message, time_of_post) values (76, 13, 10, 'White stork', 'Aenean sit amet justo. Morbi ut odio. Cras mi pede, malesuada in, imperdiet et, commodo vulputate, justo. In blandit ultrices enim.', '2019-01-31 17:19:17');
insert into user_posts (id, sender_id, receiver_id, message_title, sent_message, time_of_post) values (77, 8, 15, 'Bat-eared fox', 'Praesent id massa id nisl venenatis lacinia. Aenean sit amet justo.', '2019-08-20 22:46:13');
insert into user_posts (id, sender_id, receiver_id, message_title, sent_message, time_of_post) values (78, 14, 20, 'Rose-ringed parakeet', 'In eleifend quam a odio. In hac habitasse platea dictumst. Maecenas ut massa quis augue luctus tincidunt.', '2019-08-07 01:36:28');
insert into user_posts (id, sender_id, receiver_id, message_title, sent_message, time_of_post) values (79, 9, 1, 'Vulture, oriental white-backed', 'Quisque ut erat. Curabitur gravida nisi at nibh. In hac habitasse platea dictumst. Aliquam augue quam, sollicitudin vitae, consectetuer eget, rutrum at, lorem.', '2019-07-20 19:21:11');
insert into user_posts (id, sender_id, receiver_id, message_title, sent_message, time_of_post) values (80, 7, 14, 'Common melba finch', 'In hac habitasse platea dictumst. Maecenas ut massa quis augue luctus tincidunt. Nulla mollis molestie lorem. Quisque ut erat. Curabitur gravida nisi at nibh. In hac habitasse platea dictumst. Aliquam augue quam, sollicitudin vitae, consectetuer eget, rutrum at, lorem. Integer tincidunt ante vel ipsum. Praesent blandit lacinia erat. Vestibulum sed magna at nunc commodo placerat.', '2019-03-05 03:23:02');
insert into user_posts (id, sender_id, receiver_id, message_title, sent_message, time_of_post) values (81, 12, 11, 'Corella, long-billed', 'Duis mattis egestas metus. Aenean fermentum. Donec ut mauris eget massa tempor convallis. Nulla neque libero, convallis eget, eleifend luctus, ultricies eu, nibh. Quisque id justo sit amet sapien dignissim vestibulum. Vestibulum ante ipsum primis in faucibus orci luctus et ultrices posuere cubilia Curae; Nulla dapibus dolor vel est. Donec odio justo, sollicitudin ut, suscipit a, feugiat et, eros.', '2019-05-23 01:00:20');
insert into user_posts (id, sender_id, receiver_id, message_title, sent_message, time_of_post) values (82, 3, 2, 'Owl, white-browed', 'In eleifend quam a odio. In hac habitasse platea dictumst.', '2019-02-21 23:09:05');
insert into user_posts (id, sender_id, receiver_id, message_title, sent_message, time_of_post) values (83, 17, 12, 'Mongoose, banded', 'Aliquam erat volutpat.', '2018-12-06 18:39:37');
insert into user_posts (id, sender_id, receiver_id, message_title, sent_message, time_of_post) values (84, 11, 6, 'Mourning collared dove', 'Duis bibendum. Morbi non quam nec dui luctus rutrum. Nulla tellus. In sagittis dui vel nisl.', '2018-12-25 07:35:41');
insert into user_posts (id, sender_id, receiver_id, message_title, sent_message, time_of_post) values (85, 13, 16, 'Albatross, galapagos', 'Ut tellus. Nulla ut erat id mauris vulputate elementum. Nullam varius. Nulla facilisi. Cras non velit nec nisi vulputate nonummy. Maecenas tincidunt lacus at velit. Vivamus vel nulla eget eros elementum pellentesque. Quisque porta volutpat erat. Quisque erat eros, viverra eget, congue eget, semper rutrum, nulla.', '2019-06-03 07:48:00');
insert into user_posts (id, sender_id, receiver_id, message_title, sent_message, time_of_post) values (86, 4, 19, 'Red meerkat', 'Fusce consequat. Nulla nisl. Nunc nisl. Duis bibendum, felis sed interdum venenatis, turpis enim blandit mi, in porttitor pede justo eu massa. Donec dapibus. Duis at velit eu est congue elementum. In hac habitasse platea dictumst. Morbi vestibulum, velit id pretium iaculis, diam erat fermentum justo, nec condimentum neque sapien placerat ante. Nulla justo. Aliquam quis turpis eget elit sodales scelerisque.', '2019-04-28 18:32:13');
insert into user_posts (id, sender_id, receiver_id, message_title, sent_message, time_of_post) values (87, 13, 9, 'Tenrec, tailless', 'In sagittis dui vel nisl. Duis ac nibh. Fusce lacus purus, aliquet at, feugiat non, pretium quis, lectus. Suspendisse potenti. In eleifend quam a odio. In hac habitasse platea dictumst. Maecenas ut massa quis augue luctus tincidunt. Nulla mollis molestie lorem.', '2019-04-17 10:12:56');
insert into user_posts (id, sender_id, receiver_id, message_title, sent_message, time_of_post) values (88, 16, 8, 'Cormorant, flightless', 'In hac habitasse platea dictumst. Etiam faucibus cursus urna. Ut tellus. Nulla ut erat id mauris vulputate elementum. Nullam varius. Nulla facilisi. Cras non velit nec nisi vulputate nonummy. Maecenas tincidunt lacus at velit. Vivamus vel nulla eget eros elementum pellentesque.', '2019-01-21 02:44:52');
insert into user_posts (id, sender_id, receiver_id, message_title, sent_message, time_of_post) values (89, 16, 3, 'Fowl, helmeted guinea', 'Aliquam sit amet diam in magna bibendum imperdiet.', '2019-04-06 16:21:09');
insert into user_posts (id, sender_id, receiver_id, message_title, sent_message, time_of_post) values (90, 17, 8, 'Phalarope, northern', 'Nulla tellus. In sagittis dui vel nisl. Duis ac nibh. Fusce lacus purus, aliquet at, feugiat non, pretium quis, lectus. Suspendisse potenti.', '2019-01-16 00:00:43');
insert into user_posts (id, sender_id, receiver_id, message_title, sent_message, time_of_post) values (91, 2, 20, 'Ferruginous hawk', 'Suspendisse potenti. In eleifend quam a odio. In hac habitasse platea dictumst. Maecenas ut massa quis augue luctus tincidunt. Nulla mollis molestie lorem. Quisque ut erat. Curabitur gravida nisi at nibh. In hac habitasse platea dictumst.', '2018-11-03 12:41:44');
insert into user_posts (id, sender_id, receiver_id, message_title, sent_message, time_of_post) values (92, 1, 19, 'Zorilla', 'Aliquam non mauris. Morbi non lectus. Aliquam sit amet diam in magna bibendum imperdiet.', '2018-10-18 23:45:18');
insert into user_posts (id, sender_id, receiver_id, message_title, sent_message, time_of_post) values (93, 16, 7, 'Gray heron', 'Fusce lacus purus, aliquet at, feugiat non, pretium quis, lectus. Suspendisse potenti. In eleifend quam a odio.', '2018-11-08 22:45:17');
insert into user_posts (id, sender_id, receiver_id, message_title, sent_message, time_of_post) values (94, 13, 15, 'Badger, european', 'In blandit ultrices enim. Lorem ipsum dolor sit amet, consectetuer adipiscing elit. Proin interdum mauris non ligula pellentesque ultrices. Phasellus id sapien in sapien iaculis congue. Vivamus metus arcu, adipiscing molestie, hendrerit at, vulputate vitae, nisl. Aenean lectus.', '2019-03-31 16:54:37');
insert into user_posts (id, sender_id, receiver_id, message_title, sent_message, time_of_post) values (95, 4, 11, 'Galapagos sea lion', 'Pellentesque ultrices mattis odio. Donec vitae nisi. Nam ultrices, libero non mattis pulvinar, nulla pede ullamcorper augue, a suscipit nulla elit ac nulla.', '2019-08-13 01:12:42');
insert into user_posts (id, sender_id, receiver_id, message_title, sent_message, time_of_post) values (96, 1, 2, 'Lemur, ring-tailed', 'Maecenas leo odio, condimentum id, luctus nec, molestie sed, justo. Pellentesque viverra pede ac diam. Cras pellentesque volutpat dui. Maecenas tristique, est et tempus semper, est quam pharetra magna, ac consequat metus sapien ut nunc. Vestibulum ante ipsum primis in faucibus orci luctus et ultrices posuere cubilia Curae; Mauris viverra diam vitae quam. Suspendisse potenti. Nullam porttitor lacus at turpis. Donec posuere metus vitae ipsum. Aliquam non mauris. Morbi non lectus.', '2019-05-13 07:59:46');
insert into user_posts (id, sender_id, receiver_id, message_title, sent_message, time_of_post) values (97, 17, 2, 'Cormorant, large', 'Fusce posuere felis sed lacus. Morbi sem mauris, laoreet ut, rhoncus aliquet, pulvinar sed, nisl. Nunc rhoncus dui vel sem. Sed sagittis. Nam congue, risus semper porta volutpat, quam pede lobortis ligula, sit amet eleifend pede libero quis orci.', '2018-12-14 15:00:01');
insert into user_posts (id, sender_id, receiver_id, message_title, sent_message, time_of_post) values (98, 18, 2, 'Woodchuck', 'Integer non velit. Donec diam neque, vestibulum eget, vulputate ut, ultrices vel, augue. Vestibulum ante ipsum primis in faucibus orci luctus et ultrices posuere cubilia Curae; Donec pharetra, magna vestibulum aliquet ultrices, erat tortor sollicitudin mi, sit amet lobortis sapien sapien non mi. Integer ac neque. Duis bibendum. Morbi non quam nec dui luctus rutrum. Nulla tellus.', '2018-11-19 12:16:13');
insert into user_posts (id, sender_id, receiver_id, message_title, sent_message, time_of_post) values (99, 9, 10, 'Brush-tailed bettong', 'Pellentesque ultrices mattis odio. Donec vitae nisi. Nam ultrices, libero non mattis pulvinar, nulla pede ullamcorper augue, a suscipit nulla elit ac nulla. Sed vel enim sit amet nunc viverra dapibus. Nulla suscipit ligula in lacus. Curabitur at ipsum ac tellus semper interdum. Mauris ullamcorper purus sit amet nulla. Quisque arcu libero, rutrum ac, lobortis vel, dapibus at, diam.', '2019-05-17 09:09:59');
insert into user_posts (id, sender_id, receiver_id, message_title, sent_message, time_of_post) values (100, 19, 10, 'Cardinal, red-capped', 'Donec posuere metus vitae ipsum. Aliquam non mauris.', '2018-11-21 17:00:27');
insert into user_posts (id, sender_id, receiver_id, message_title, sent_message, time_of_post) values (101, 20, 6, 'Komodo dragon', 'Duis bibendum, felis sed interdum venenatis, turpis enim blandit mi, in porttitor pede justo eu massa. Donec dapibus. Duis at velit eu est congue elementum.', '2018-11-07 01:43:16');
insert into user_posts (id, sender_id, receiver_id, message_title, sent_message, time_of_post) values (102, 5, 19, 'Whale, baleen', 'Nulla suscipit ligula in lacus. Curabitur at ipsum ac tellus semper interdum. Mauris ullamcorper purus sit amet nulla. Quisque arcu libero, rutrum ac, lobortis vel, dapibus at, diam. Nam tristique tortor eu pede.', '2019-04-12 20:15:43');
insert into user_posts (id, sender_id, receiver_id, message_title, sent_message, time_of_post) values (103, 3, 19, 'Jackal, silver-backed', 'Lorem ipsum dolor sit amet, consectetuer adipiscing elit. Proin risus. Praesent lectus. Vestibulum quam sapien, varius ut, blandit non, interdum in, ante. Vestibulum ante ipsum primis in faucibus orci luctus et ultrices posuere cubilia Curae; Duis faucibus accumsan odio. Curabitur convallis. Duis consequat dui nec nisi volutpat eleifend. Donec ut dolor. Morbi vel lectus in quam fringilla rhoncus. Mauris enim leo, rhoncus sed, vestibulum sit amet, cursus id, turpis.', '2019-07-28 15:45:40');
insert into user_posts (id, sender_id, receiver_id, message_title, sent_message, time_of_post) values (104, 5, 2, 'Francolin, coqui', 'Integer pede justo, lacinia eget, tincidunt eget, tempus vel, pede. Morbi porttitor lorem id ligula. Suspendisse ornare consequat lectus. In est risus, auctor sed, tristique in, tempus sit amet, sem. Fusce consequat. Nulla nisl. Nunc nisl. Duis bibendum, felis sed interdum venenatis, turpis enim blandit mi, in porttitor pede justo eu massa. Donec dapibus.', '2019-03-22 03:11:29');
insert into user_posts (id, sender_id, receiver_id, message_title, sent_message, time_of_post) values (105, 7, 11, 'Vulture, white-rumped', 'Phasellus sit amet erat. Nulla tempus. Vivamus in felis eu sapien cursus vestibulum. Proin eu mi. Nulla ac enim.', '2019-06-26 19:48:38');
insert into user_posts (id, sender_id, receiver_id, message_title, sent_message, time_of_post) values (106, 1, 1, 'Monkey, rhesus', 'In eleifend quam a odio.', '2019-04-03 09:37:12');
insert into user_posts (id, sender_id, receiver_id, message_title, sent_message, time_of_post) values (107, 15, 12, 'Kangaroo, eastern grey', 'Nunc rhoncus dui vel sem. Sed sagittis. Nam congue, risus semper porta volutpat, quam pede lobortis ligula, sit amet eleifend pede libero quis orci. Nullam molestie nibh in lectus. Pellentesque at nulla. Suspendisse potenti. Cras in purus eu magna vulputate luctus. Cum sociis natoque penatibus et magnis dis parturient montes, nascetur ridiculus mus. Vivamus vestibulum sagittis sapien.', '2018-10-27 01:58:29');
insert into user_posts (id, sender_id, receiver_id, message_title, sent_message, time_of_post) values (108, 16, 5, 'Brush-tailed rat kangaroo', 'Phasellus sit amet erat. Nulla tempus. Vivamus in felis eu sapien cursus vestibulum. Proin eu mi. Nulla ac enim. In tempor, turpis nec euismod scelerisque, quam turpis adipiscing lorem, vitae mattis nibh ligula nec sem. Duis aliquam convallis nunc. Proin at turpis a pede posuere nonummy. Integer non velit. Donec diam neque, vestibulum eget, vulputate ut, ultrices vel, augue.', '2019-04-19 10:32:40');
insert into user_posts (id, sender_id, receiver_id, message_title, sent_message, time_of_post) values (109, 12, 14, 'Possum, golden brush-tailed', 'Suspendisse potenti. Cras in purus eu magna vulputate luctus. Cum sociis natoque penatibus et magnis dis parturient montes, nascetur ridiculus mus. Vivamus vestibulum sagittis sapien.', '2019-03-28 01:54:20');
insert into user_posts (id, sender_id, receiver_id, message_title, sent_message, time_of_post) values (110, 9, 11, 'Plains zebra', 'Aenean auctor gravida sem. Praesent id massa id nisl venenatis lacinia. Aenean sit amet justo. Morbi ut odio. Cras mi pede, malesuada in, imperdiet et, commodo vulputate, justo. In blandit ultrices enim. Lorem ipsum dolor sit amet, consectetuer adipiscing elit. Proin interdum mauris non ligula pellentesque ultrices. Phasellus id sapien in sapien iaculis congue.', '2019-07-14 13:18:37');
insert into user_posts (id, sender_id, receiver_id, message_title, sent_message, time_of_post) values (111, 14, 11, 'Water monitor', 'Suspendisse potenti. In eleifend quam a odio. In hac habitasse platea dictumst.', '2019-03-02 10:35:36');
insert into user_posts (id, sender_id, receiver_id, message_title, sent_message, time_of_post) values (112, 1, 3, 'Alligator, american', 'Donec ut dolor. Morbi vel lectus in quam fringilla rhoncus. Mauris enim leo, rhoncus sed, vestibulum sit amet, cursus id, turpis. Integer aliquet, massa id lobortis convallis, tortor risus dapibus augue, vel accumsan tellus nisi eu orci. Mauris lacinia sapien quis libero. Nullam sit amet turpis elementum ligula vehicula consequat. Morbi a ipsum. Integer a nibh. In quis justo. Maecenas rhoncus aliquam lacus.', '2018-11-05 14:21:17');
insert into user_posts (id, sender_id, receiver_id, message_title, sent_message, time_of_post) values (113, 12, 1, 'Beisa oryx', 'Curabitur convallis. Duis consequat dui nec nisi volutpat eleifend. Donec ut dolor. Morbi vel lectus in quam fringilla rhoncus. Mauris enim leo, rhoncus sed, vestibulum sit amet, cursus id, turpis. Integer aliquet, massa id lobortis convallis, tortor risus dapibus augue, vel accumsan tellus nisi eu orci. Mauris lacinia sapien quis libero. Nullam sit amet turpis elementum ligula vehicula consequat. Morbi a ipsum.', '2018-12-28 19:29:10');
insert into user_posts (id, sender_id, receiver_id, message_title, sent_message, time_of_post) values (114, 14, 2, 'Eagle, pallas''s fish', 'Sed accumsan felis. Ut at dolor quis odio consequat varius. Integer ac leo. Pellentesque ultrices mattis odio.', '2018-12-08 17:17:31');
insert into user_posts (id, sender_id, receiver_id, message_title, sent_message, time_of_post) values (115, 12, 1, 'Tammar wallaby', 'Aliquam non mauris. Morbi non lectus. Aliquam sit amet diam in magna bibendum imperdiet.', '2018-09-16 13:09:50');
insert into user_posts (id, sender_id, receiver_id, message_title, sent_message, time_of_post) values (116, 10, 8, 'Kirk''s dik dik', 'Maecenas ut massa quis augue luctus tincidunt. Nulla mollis molestie lorem. Quisque ut erat. Curabitur gravida nisi at nibh. In hac habitasse platea dictumst. Aliquam augue quam, sollicitudin vitae, consectetuer eget, rutrum at, lorem.', '2018-12-28 02:08:14');
insert into user_posts (id, sender_id, receiver_id, message_title, sent_message, time_of_post) values (117, 18, 6, 'Swan, trumpeter', 'Maecenas tincidunt lacus at velit. Vivamus vel nulla eget eros elementum pellentesque. Quisque porta volutpat erat. Quisque erat eros, viverra eget, congue eget, semper rutrum, nulla. Nunc purus. Phasellus in felis. Donec semper sapien a libero.', '2019-08-16 21:08:42');
insert into user_posts (id, sender_id, receiver_id, message_title, sent_message, time_of_post) values (118, 17, 7, 'Blue catfish', 'Integer ac leo. Pellentesque ultrices mattis odio. Donec vitae nisi. Nam ultrices, libero non mattis pulvinar, nulla pede ullamcorper augue, a suscipit nulla elit ac nulla. Sed vel enim sit amet nunc viverra dapibus. Nulla suscipit ligula in lacus. Curabitur at ipsum ac tellus semper interdum. Mauris ullamcorper purus sit amet nulla. Quisque arcu libero, rutrum ac, lobortis vel, dapibus at, diam. Nam tristique tortor eu pede.', '2019-05-11 06:56:29');
insert into user_posts (id, sender_id, receiver_id, message_title, sent_message, time_of_post) values (119, 7, 8, 'Green vine snake', 'Fusce posuere felis sed lacus. Morbi sem mauris, laoreet ut, rhoncus aliquet, pulvinar sed, nisl.', '2019-06-05 18:17:23');
insert into user_posts (id, sender_id, receiver_id, message_title, sent_message, time_of_post) values (120, 20, 15, 'Blue-tongued lizard', 'Integer pede justo, lacinia eget, tincidunt eget, tempus vel, pede. Morbi porttitor lorem id ligula. Suspendisse ornare consequat lectus. In est risus, auctor sed, tristique in, tempus sit amet, sem. Fusce consequat.', '2019-05-23 19:31:33');
insert into user_posts (id, sender_id, receiver_id, message_title, sent_message, time_of_post) values (121, 8, 16, 'House crow', 'In hac habitasse platea dictumst. Aliquam augue quam, sollicitudin vitae, consectetuer eget, rutrum at, lorem. Integer tincidunt ante vel ipsum. Praesent blandit lacinia erat. Vestibulum sed magna at nunc commodo placerat. Praesent blandit. Nam nulla. Integer pede justo, lacinia eget, tincidunt eget, tempus vel, pede. Morbi porttitor lorem id ligula.', '2019-05-12 09:19:46');
insert into user_posts (id, sender_id, receiver_id, message_title, sent_message, time_of_post) values (122, 8, 15, 'Ring-necked pheasant', 'Morbi non lectus. Aliquam sit amet diam in magna bibendum imperdiet. Nullam orci pede, venenatis non, sodales sed, tincidunt eu, felis. Fusce posuere felis sed lacus. Morbi sem mauris, laoreet ut, rhoncus aliquet, pulvinar sed, nisl. Nunc rhoncus dui vel sem. Sed sagittis. Nam congue, risus semper porta volutpat, quam pede lobortis ligula, sit amet eleifend pede libero quis orci. Nullam molestie nibh in lectus. Pellentesque at nulla.', '2019-03-17 19:02:08');
insert into user_posts (id, sender_id, receiver_id, message_title, sent_message, time_of_post) values (123, 9, 5, 'Painted stork', 'Nullam molestie nibh in lectus. Pellentesque at nulla. Suspendisse potenti. Cras in purus eu magna vulputate luctus. Cum sociis natoque penatibus et magnis dis parturient montes, nascetur ridiculus mus. Vivamus vestibulum sagittis sapien. Cum sociis natoque penatibus et magnis dis parturient montes, nascetur ridiculus mus. Etiam vel augue. Vestibulum rutrum rutrum neque.', '2019-02-06 20:24:37');
insert into user_posts (id, sender_id, receiver_id, message_title, sent_message, time_of_post) values (124, 2, 11, 'White-throated monitor', 'Morbi quis tortor id nulla ultrices aliquet. Maecenas leo odio, condimentum id, luctus nec, molestie sed, justo. Pellentesque viverra pede ac diam.', '2019-04-08 21:39:34');
insert into user_posts (id, sender_id, receiver_id, message_title, sent_message, time_of_post) values (125, 7, 1, 'Whale, long-finned pilot', 'Nulla ac enim. In tempor, turpis nec euismod scelerisque, quam turpis adipiscing lorem, vitae mattis nibh ligula nec sem. Duis aliquam convallis nunc. Proin at turpis a pede posuere nonummy. Integer non velit. Donec diam neque, vestibulum eget, vulputate ut, ultrices vel, augue. Vestibulum ante ipsum primis in faucibus orci luctus et ultrices posuere cubilia Curae; Donec pharetra, magna vestibulum aliquet ultrices, erat tortor sollicitudin mi, sit amet lobortis sapien sapien non mi. Integer ac neque. Duis bibendum. Morbi non quam nec dui luctus rutrum.', '2019-08-16 01:43:25');
insert into user_posts (id, sender_id, receiver_id, message_title, sent_message, time_of_post) values (126, 8, 20, 'Bustard, kori', 'Duis consequat dui nec nisi volutpat eleifend. Donec ut dolor. Morbi vel lectus in quam fringilla rhoncus. Mauris enim leo, rhoncus sed, vestibulum sit amet, cursus id, turpis. Integer aliquet, massa id lobortis convallis, tortor risus dapibus augue, vel accumsan tellus nisi eu orci. Mauris lacinia sapien quis libero. Nullam sit amet turpis elementum ligula vehicula consequat. Morbi a ipsum.', '2019-07-20 20:13:43');
insert into user_posts (id, sender_id, receiver_id, message_title, sent_message, time_of_post) values (127, 6, 19, 'Squirrel, european red', 'Donec vitae nisi. Nam ultrices, libero non mattis pulvinar, nulla pede ullamcorper augue, a suscipit nulla elit ac nulla.', '2019-01-12 21:03:25');
insert into user_posts (id, sender_id, receiver_id, message_title, sent_message, time_of_post) values (128, 10, 4, 'Common genet', 'Fusce posuere felis sed lacus.', '2019-04-16 11:39:48');
insert into user_posts (id, sender_id, receiver_id, message_title, sent_message, time_of_post) values (129, 10, 6, 'Admiral, indian red', 'Praesent lectus. Vestibulum quam sapien, varius ut, blandit non, interdum in, ante. Vestibulum ante ipsum primis in faucibus orci luctus et ultrices posuere cubilia Curae; Duis faucibus accumsan odio. Curabitur convallis. Duis consequat dui nec nisi volutpat eleifend. Donec ut dolor. Morbi vel lectus in quam fringilla rhoncus. Mauris enim leo, rhoncus sed, vestibulum sit amet, cursus id, turpis. Integer aliquet, massa id lobortis convallis, tortor risus dapibus augue, vel accumsan tellus nisi eu orci. Mauris lacinia sapien quis libero.', '2019-02-15 09:47:52');
insert into user_posts (id, sender_id, receiver_id, message_title, sent_message, time_of_post) values (130, 2, 9, 'Barasingha deer', 'In sagittis dui vel nisl. Duis ac nibh. Fusce lacus purus, aliquet at, feugiat non, pretium quis, lectus. Suspendisse potenti. In eleifend quam a odio. In hac habitasse platea dictumst. Maecenas ut massa quis augue luctus tincidunt. Nulla mollis molestie lorem. Quisque ut erat.', '2019-02-17 01:18:38');
insert into user_posts (id, sender_id, receiver_id, message_title, sent_message, time_of_post) values (131, 7, 18, 'Meerkat, red', 'Aenean sit amet justo.', '2019-03-07 12:19:19');
insert into user_posts (id, sender_id, receiver_id, message_title, sent_message, time_of_post) values (132, 18, 20, 'Jackal, indian', 'Vestibulum ac est lacinia nisi venenatis tristique. Fusce congue, diam id ornare imperdiet, sapien urna pretium nisl, ut volutpat sapien arcu sed augue. Aliquam erat volutpat.', '2019-02-08 23:46:39');
insert into user_posts (id, sender_id, receiver_id, message_title, sent_message, time_of_post) values (133, 9, 12, 'Common shelduck', 'Pellentesque viverra pede ac diam. Cras pellentesque volutpat dui. Maecenas tristique, est et tempus semper, est quam pharetra magna, ac consequat metus sapien ut nunc. Vestibulum ante ipsum primis in faucibus orci luctus et ultrices posuere cubilia Curae; Mauris viverra diam vitae quam. Suspendisse potenti. Nullam porttitor lacus at turpis.', '2019-04-23 03:16:23');
insert into user_posts (id, sender_id, receiver_id, message_title, sent_message, time_of_post) values (134, 1, 5, 'Indian tree pie', 'Morbi vestibulum, velit id pretium iaculis, diam erat fermentum justo, nec condimentum neque sapien placerat ante. Nulla justo.', '2019-05-13 22:40:01');
insert into user_posts (id, sender_id, receiver_id, message_title, sent_message, time_of_post) values (135, 11, 2, 'Wombat, common', 'Maecenas tristique, est et tempus semper, est quam pharetra magna, ac consequat metus sapien ut nunc. Vestibulum ante ipsum primis in faucibus orci luctus et ultrices posuere cubilia Curae; Mauris viverra diam vitae quam. Suspendisse potenti. Nullam porttitor lacus at turpis. Donec posuere metus vitae ipsum.', '2018-12-10 16:17:36');
insert into user_posts (id, sender_id, receiver_id, message_title, sent_message, time_of_post) values (136, 9, 2, 'Spotted-tailed quoll', 'Curabitur gravida nisi at nibh. In hac habitasse platea dictumst. Aliquam augue quam, sollicitudin vitae, consectetuer eget, rutrum at, lorem. Integer tincidunt ante vel ipsum. Praesent blandit lacinia erat. Vestibulum sed magna at nunc commodo placerat.', '2019-02-02 20:31:47');
insert into user_posts (id, sender_id, receiver_id, message_title, sent_message, time_of_post) values (137, 3, 17, 'Gray rhea', 'Integer ac neque. Duis bibendum. Morbi non quam nec dui luctus rutrum. Nulla tellus. In sagittis dui vel nisl. Duis ac nibh. Fusce lacus purus, aliquet at, feugiat non, pretium quis, lectus. Suspendisse potenti.', '2019-04-12 23:40:50');
insert into user_posts (id, sender_id, receiver_id, message_title, sent_message, time_of_post) values (138, 5, 20, 'Eurasian hoopoe', 'Pellentesque at nulla. Suspendisse potenti. Cras in purus eu magna vulputate luctus. Cum sociis natoque penatibus et magnis dis parturient montes, nascetur ridiculus mus. Vivamus vestibulum sagittis sapien. Cum sociis natoque penatibus et magnis dis parturient montes, nascetur ridiculus mus. Etiam vel augue. Vestibulum rutrum rutrum neque. Aenean auctor gravida sem. Praesent id massa id nisl venenatis lacinia.', '2019-09-01 11:49:25');
insert into user_posts (id, sender_id, receiver_id, message_title, sent_message, time_of_post) values (139, 5, 13, 'Puna ibis', 'Duis aliquam convallis nunc. Proin at turpis a pede posuere nonummy. Integer non velit.', '2018-09-19 11:10:19');
insert into user_posts (id, sender_id, receiver_id, message_title, sent_message, time_of_post) values (140, 5, 11, 'Lizard, mexican beaded', 'Maecenas pulvinar lobortis est. Phasellus sit amet erat. Nulla tempus. Vivamus in felis eu sapien cursus vestibulum. Proin eu mi. Nulla ac enim. In tempor, turpis nec euismod scelerisque, quam turpis adipiscing lorem, vitae mattis nibh ligula nec sem.', '2019-07-27 11:30:17');
insert into user_posts (id, sender_id, receiver_id, message_title, sent_message, time_of_post) values (141, 3, 16, 'Roller, lilac-breasted', 'Cras in purus eu magna vulputate luctus. Cum sociis natoque penatibus et magnis dis parturient montes, nascetur ridiculus mus. Vivamus vestibulum sagittis sapien. Cum sociis natoque penatibus et magnis dis parturient montes, nascetur ridiculus mus. Etiam vel augue. Vestibulum rutrum rutrum neque. Aenean auctor gravida sem. Praesent id massa id nisl venenatis lacinia. Aenean sit amet justo. Morbi ut odio.', '2019-06-14 19:48:08');
insert into user_posts (id, sender_id, receiver_id, message_title, sent_message, time_of_post) values (142, 12, 10, 'Squirrel, malabar', 'Vivamus vestibulum sagittis sapien. Cum sociis natoque penatibus et magnis dis parturient montes, nascetur ridiculus mus. Etiam vel augue. Vestibulum rutrum rutrum neque. Aenean auctor gravida sem. Praesent id massa id nisl venenatis lacinia. Aenean sit amet justo.', '2019-02-26 13:55:05');
insert into user_posts (id, sender_id, receiver_id, message_title, sent_message, time_of_post) values (143, 8, 11, 'Sugar glider', 'Nulla facilisi. Cras non velit nec nisi vulputate nonummy. Maecenas tincidunt lacus at velit. Vivamus vel nulla eget eros elementum pellentesque. Quisque porta volutpat erat. Quisque erat eros, viverra eget, congue eget, semper rutrum, nulla.', '2019-02-19 20:30:02');
insert into user_posts (id, sender_id, receiver_id, message_title, sent_message, time_of_post) values (144, 1, 1, 'Gazer, sun', 'Duis ac nibh. Fusce lacus purus, aliquet at, feugiat non, pretium quis, lectus. Suspendisse potenti. In eleifend quam a odio. In hac habitasse platea dictumst. Maecenas ut massa quis augue luctus tincidunt. Nulla mollis molestie lorem. Quisque ut erat.', '2019-03-10 07:59:34');
insert into user_posts (id, sender_id, receiver_id, message_title, sent_message, time_of_post) values (145, 18, 16, 'Skua, great', 'Morbi ut odio. Cras mi pede, malesuada in, imperdiet et, commodo vulputate, justo. In blandit ultrices enim. Lorem ipsum dolor sit amet, consectetuer adipiscing elit.', '2019-08-18 13:55:01');
insert into user_posts (id, sender_id, receiver_id, message_title, sent_message, time_of_post) values (146, 15, 8, 'Glider, squirrel', 'Aenean sit amet justo. Morbi ut odio. Cras mi pede, malesuada in, imperdiet et, commodo vulputate, justo. In blandit ultrices enim. Lorem ipsum dolor sit amet, consectetuer adipiscing elit. Proin interdum mauris non ligula pellentesque ultrices.', '2018-11-05 14:39:37');
insert into user_posts (id, sender_id, receiver_id, message_title, sent_message, time_of_post) values (147, 17, 12, 'Stork, black-necked', 'In congue. Etiam justo. Etiam pretium iaculis justo. In hac habitasse platea dictumst.', '2019-01-23 03:43:45');
insert into user_posts (id, sender_id, receiver_id, message_title, sent_message, time_of_post) values (148, 15, 3, 'Red-knobbed coot', 'Maecenas rhoncus aliquam lacus.', '2019-09-06 04:43:15');
insert into user_posts (id, sender_id, receiver_id, message_title, sent_message, time_of_post) values (149, 4, 3, 'Arctic ground squirrel', 'Etiam faucibus cursus urna. Ut tellus. Nulla ut erat id mauris vulputate elementum. Nullam varius.', '2019-05-24 01:23:50');
insert into user_posts (id, sender_id, receiver_id, message_title, sent_message, time_of_post) values (150, 15, 13, 'Boa, malagasy ground', 'Aenean sit amet justo. Morbi ut odio. Cras mi pede, malesuada in, imperdiet et, commodo vulputate, justo.', '2018-09-21 20:18:17');
insert into user_posts (id, sender_id, receiver_id, message_title, sent_message, time_of_post) values (151, 13, 2, 'Yellow-brown sungazer', 'Maecenas tristique, est et tempus semper, est quam pharetra magna, ac consequat metus sapien ut nunc. Vestibulum ante ipsum primis in faucibus orci luctus et ultrices posuere cubilia Curae; Mauris viverra diam vitae quam. Suspendisse potenti. Nullam porttitor lacus at turpis. Donec posuere metus vitae ipsum. Aliquam non mauris. Morbi non lectus.', '2018-11-20 10:42:37');
insert into user_posts (id, sender_id, receiver_id, message_title, sent_message, time_of_post) values (152, 10, 7, 'Phalarope, northern', 'Integer tincidunt ante vel ipsum.', '2018-10-03 10:56:35');
insert into user_posts (id, sender_id, receiver_id, message_title, sent_message, time_of_post) values (153, 16, 9, 'Rhinoceros, square-lipped', 'Integer aliquet, massa id lobortis convallis, tortor risus dapibus augue, vel accumsan tellus nisi eu orci. Mauris lacinia sapien quis libero. Nullam sit amet turpis elementum ligula vehicula consequat. Morbi a ipsum. Integer a nibh.', '2019-08-05 14:51:29');
insert into user_posts (id, sender_id, receiver_id, message_title, sent_message, time_of_post) values (154, 13, 3, 'Lemur, ring-tailed', 'Etiam pretium iaculis justo. In hac habitasse platea dictumst. Etiam faucibus cursus urna. Ut tellus. Nulla ut erat id mauris vulputate elementum. Nullam varius.', '2019-04-01 09:55:55');
insert into user_posts (id, sender_id, receiver_id, message_title, sent_message, time_of_post) values (155, 2, 2, 'Vulture, black', 'Proin eu mi. Nulla ac enim. In tempor, turpis nec euismod scelerisque, quam turpis adipiscing lorem, vitae mattis nibh ligula nec sem. Duis aliquam convallis nunc. Proin at turpis a pede posuere nonummy. Integer non velit. Donec diam neque, vestibulum eget, vulputate ut, ultrices vel, augue. Vestibulum ante ipsum primis in faucibus orci luctus et ultrices posuere cubilia Curae; Donec pharetra, magna vestibulum aliquet ultrices, erat tortor sollicitudin mi, sit amet lobortis sapien sapien non mi.', '2019-03-05 22:01:04');
insert into user_posts (id, sender_id, receiver_id, message_title, sent_message, time_of_post) values (156, 20, 5, 'Arctic lemming', 'Nulla tellus. In sagittis dui vel nisl. Duis ac nibh.', '2019-06-21 02:53:52');
insert into user_posts (id, sender_id, receiver_id, message_title, sent_message, time_of_post) values (157, 14, 15, 'Otter, cape clawless', 'Sed accumsan felis. Ut at dolor quis odio consequat varius. Integer ac leo. Pellentesque ultrices mattis odio.', '2018-11-08 06:22:24');
insert into user_posts (id, sender_id, receiver_id, message_title, sent_message, time_of_post) values (158, 6, 17, 'Hoopoe, eurasian', 'Nulla neque libero, convallis eget, eleifend luctus, ultricies eu, nibh. Quisque id justo sit amet sapien dignissim vestibulum. Vestibulum ante ipsum primis in faucibus orci luctus et ultrices posuere cubilia Curae; Nulla dapibus dolor vel est. Donec odio justo, sollicitudin ut, suscipit a, feugiat et, eros. Vestibulum ac est lacinia nisi venenatis tristique. Fusce congue, diam id ornare imperdiet, sapien urna pretium nisl, ut volutpat sapien arcu sed augue. Aliquam erat volutpat. In congue.', '2019-01-09 11:38:59');
insert into user_posts (id, sender_id, receiver_id, message_title, sent_message, time_of_post) values (159, 7, 7, 'Sheep, stone', 'Praesent blandit lacinia erat. Vestibulum sed magna at nunc commodo placerat. Praesent blandit. Nam nulla. Integer pede justo, lacinia eget, tincidunt eget, tempus vel, pede. Morbi porttitor lorem id ligula. Suspendisse ornare consequat lectus. In est risus, auctor sed, tristique in, tempus sit amet, sem. Fusce consequat.', '2019-02-04 04:43:14');
insert into user_posts (id, sender_id, receiver_id, message_title, sent_message, time_of_post) values (160, 4, 1, 'Python (unidentified)', 'Fusce lacus purus, aliquet at, feugiat non, pretium quis, lectus. Suspendisse potenti. In eleifend quam a odio. In hac habitasse platea dictumst. Maecenas ut massa quis augue luctus tincidunt. Nulla mollis molestie lorem. Quisque ut erat. Curabitur gravida nisi at nibh. In hac habitasse platea dictumst.', '2019-06-05 17:00:49');
insert into user_posts (id, sender_id, receiver_id, message_title, sent_message, time_of_post) values (161, 8, 8, 'Whale, baleen', 'Quisque arcu libero, rutrum ac, lobortis vel, dapibus at, diam. Nam tristique tortor eu pede.', '2019-02-06 13:21:37');
insert into user_posts (id, sender_id, receiver_id, message_title, sent_message, time_of_post) values (162, 6, 16, 'Western patch-nosed snake', 'Maecenas rhoncus aliquam lacus. Morbi quis tortor id nulla ultrices aliquet. Maecenas leo odio, condimentum id, luctus nec, molestie sed, justo. Pellentesque viverra pede ac diam. Cras pellentesque volutpat dui. Maecenas tristique, est et tempus semper, est quam pharetra magna, ac consequat metus sapien ut nunc. Vestibulum ante ipsum primis in faucibus orci luctus et ultrices posuere cubilia Curae; Mauris viverra diam vitae quam. Suspendisse potenti.', '2019-06-13 22:36:08');
insert into user_posts (id, sender_id, receiver_id, message_title, sent_message, time_of_post) values (163, 20, 6, 'Bird, red-billed tropic', 'Aliquam quis turpis eget elit sodales scelerisque.', '2019-08-28 04:04:59');
insert into user_posts (id, sender_id, receiver_id, message_title, sent_message, time_of_post) values (164, 9, 5, 'Beaver, eurasian', 'Cras mi pede, malesuada in, imperdiet et, commodo vulputate, justo. In blandit ultrices enim. Lorem ipsum dolor sit amet, consectetuer adipiscing elit. Proin interdum mauris non ligula pellentesque ultrices. Phasellus id sapien in sapien iaculis congue. Vivamus metus arcu, adipiscing molestie, hendrerit at, vulputate vitae, nisl. Aenean lectus. Pellentesque eget nunc.', '2019-04-01 00:20:58');
insert into user_posts (id, sender_id, receiver_id, message_title, sent_message, time_of_post) values (165, 9, 4, 'Dog, bush', 'Integer aliquet, massa id lobortis convallis, tortor risus dapibus augue, vel accumsan tellus nisi eu orci. Mauris lacinia sapien quis libero. Nullam sit amet turpis elementum ligula vehicula consequat. Morbi a ipsum. Integer a nibh. In quis justo. Maecenas rhoncus aliquam lacus. Morbi quis tortor id nulla ultrices aliquet. Maecenas leo odio, condimentum id, luctus nec, molestie sed, justo. Pellentesque viverra pede ac diam.', '2018-09-20 00:58:27');
insert into user_posts (id, sender_id, receiver_id, message_title, sent_message, time_of_post) values (166, 20, 17, 'Fox, asian red', 'Pellentesque at nulla. Suspendisse potenti. Cras in purus eu magna vulputate luctus. Cum sociis natoque penatibus et magnis dis parturient montes, nascetur ridiculus mus. Vivamus vestibulum sagittis sapien. Cum sociis natoque penatibus et magnis dis parturient montes, nascetur ridiculus mus.', '2019-02-12 21:16:18');
insert into user_posts (id, sender_id, receiver_id, message_title, sent_message, time_of_post) values (167, 15, 14, 'Lion, steller''s sea', 'Morbi ut odio. Cras mi pede, malesuada in, imperdiet et, commodo vulputate, justo. In blandit ultrices enim. Lorem ipsum dolor sit amet, consectetuer adipiscing elit. Proin interdum mauris non ligula pellentesque ultrices. Phasellus id sapien in sapien iaculis congue. Vivamus metus arcu, adipiscing molestie, hendrerit at, vulputate vitae, nisl. Aenean lectus. Pellentesque eget nunc. Donec quis orci eget orci vehicula condimentum.', '2018-09-30 02:02:52');
insert into user_posts (id, sender_id, receiver_id, message_title, sent_message, time_of_post) values (168, 11, 12, 'Wombat, common', 'Proin at turpis a pede posuere nonummy. Integer non velit. Donec diam neque, vestibulum eget, vulputate ut, ultrices vel, augue. Vestibulum ante ipsum primis in faucibus orci luctus et ultrices posuere cubilia Curae; Donec pharetra, magna vestibulum aliquet ultrices, erat tortor sollicitudin mi, sit amet lobortis sapien sapien non mi. Integer ac neque. Duis bibendum. Morbi non quam nec dui luctus rutrum. Nulla tellus.', '2019-05-24 17:17:46');
insert into user_posts (id, sender_id, receiver_id, message_title, sent_message, time_of_post) values (169, 9, 17, 'Gray duiker', 'Morbi vestibulum, velit id pretium iaculis, diam erat fermentum justo, nec condimentum neque sapien placerat ante. Nulla justo. Aliquam quis turpis eget elit sodales scelerisque. Mauris sit amet eros. Suspendisse accumsan tortor quis turpis.', '2018-09-17 17:56:22');
insert into user_posts (id, sender_id, receiver_id, message_title, sent_message, time_of_post) values (170, 15, 10, 'African black crake', 'Ut tellus. Nulla ut erat id mauris vulputate elementum. Nullam varius. Nulla facilisi. Cras non velit nec nisi vulputate nonummy. Maecenas tincidunt lacus at velit.', '2019-06-06 05:31:52');
insert into user_posts (id, sender_id, receiver_id, message_title, sent_message, time_of_post) values (171, 12, 19, 'Heron, yellow-crowned night', 'Curabitur gravida nisi at nibh. In hac habitasse platea dictumst. Aliquam augue quam, sollicitudin vitae, consectetuer eget, rutrum at, lorem. Integer tincidunt ante vel ipsum. Praesent blandit lacinia erat. Vestibulum sed magna at nunc commodo placerat. Praesent blandit. Nam nulla. Integer pede justo, lacinia eget, tincidunt eget, tempus vel, pede.', '2019-07-16 15:16:39');
insert into user_posts (id, sender_id, receiver_id, message_title, sent_message, time_of_post) values (172, 3, 4, 'Guanaco', 'In congue. Etiam justo. Etiam pretium iaculis justo.', '2019-01-15 03:13:01');
insert into user_posts (id, sender_id, receiver_id, message_title, sent_message, time_of_post) values (173, 5, 7, 'Fox, grey', 'Nullam orci pede, venenatis non, sodales sed, tincidunt eu, felis. Fusce posuere felis sed lacus. Morbi sem mauris, laoreet ut, rhoncus aliquet, pulvinar sed, nisl. Nunc rhoncus dui vel sem. Sed sagittis. Nam congue, risus semper porta volutpat, quam pede lobortis ligula, sit amet eleifend pede libero quis orci. Nullam molestie nibh in lectus. Pellentesque at nulla. Suspendisse potenti.', '2019-08-18 01:38:56');
insert into user_posts (id, sender_id, receiver_id, message_title, sent_message, time_of_post) values (174, 5, 12, 'Red-tailed wambenger', 'Vivamus metus arcu, adipiscing molestie, hendrerit at, vulputate vitae, nisl. Aenean lectus.', '2019-01-29 00:32:22');
insert into user_posts (id, sender_id, receiver_id, message_title, sent_message, time_of_post) values (175, 5, 18, 'Red-winged hawk (unidentified)', 'Integer tincidunt ante vel ipsum. Praesent blandit lacinia erat.', '2019-05-14 14:43:59');
insert into user_posts (id, sender_id, receiver_id, message_title, sent_message, time_of_post) values (176, 12, 11, 'Jackal, indian', 'In sagittis dui vel nisl. Duis ac nibh.', '2019-06-20 21:17:54');
insert into user_posts (id, sender_id, receiver_id, message_title, sent_message, time_of_post) values (177, 16, 10, 'Two-toed sloth', 'Integer ac neque. Duis bibendum. Morbi non quam nec dui luctus rutrum. Nulla tellus. In sagittis dui vel nisl.', '2018-10-28 12:29:58');
insert into user_posts (id, sender_id, receiver_id, message_title, sent_message, time_of_post) values (178, 4, 4, 'Falcon, prairie', 'Etiam faucibus cursus urna. Ut tellus. Nulla ut erat id mauris vulputate elementum. Nullam varius. Nulla facilisi. Cras non velit nec nisi vulputate nonummy. Maecenas tincidunt lacus at velit.', '2018-11-08 00:51:00');
insert into user_posts (id, sender_id, receiver_id, message_title, sent_message, time_of_post) values (179, 6, 13, 'Otter, cape clawless', 'Vivamus vestibulum sagittis sapien. Cum sociis natoque penatibus et magnis dis parturient montes, nascetur ridiculus mus. Etiam vel augue. Vestibulum rutrum rutrum neque. Aenean auctor gravida sem.', '2019-02-12 02:50:26');
insert into user_posts (id, sender_id, receiver_id, message_title, sent_message, time_of_post) values (180, 14, 18, 'Sungazer, yellow-brown', 'Proin interdum mauris non ligula pellentesque ultrices. Phasellus id sapien in sapien iaculis congue. Vivamus metus arcu, adipiscing molestie, hendrerit at, vulputate vitae, nisl. Aenean lectus. Pellentesque eget nunc. Donec quis orci eget orci vehicula condimentum. Curabitur in libero ut massa volutpat convallis. Morbi odio odio, elementum eu, interdum eu, tincidunt in, leo. Maecenas pulvinar lobortis est. Phasellus sit amet erat.', '2018-10-04 17:36:58');
insert into user_posts (id, sender_id, receiver_id, message_title, sent_message, time_of_post) values (181, 10, 15, 'Gull, dusky', 'Donec posuere metus vitae ipsum. Aliquam non mauris. Morbi non lectus. Aliquam sit amet diam in magna bibendum imperdiet. Nullam orci pede, venenatis non, sodales sed, tincidunt eu, felis. Fusce posuere felis sed lacus. Morbi sem mauris, laoreet ut, rhoncus aliquet, pulvinar sed, nisl. Nunc rhoncus dui vel sem. Sed sagittis.', '2018-10-06 14:29:09');
insert into user_posts (id, sender_id, receiver_id, message_title, sent_message, time_of_post) values (182, 1, 8, 'Common goldeneye', 'Morbi sem mauris, laoreet ut, rhoncus aliquet, pulvinar sed, nisl. Nunc rhoncus dui vel sem. Sed sagittis. Nam congue, risus semper porta volutpat, quam pede lobortis ligula, sit amet eleifend pede libero quis orci. Nullam molestie nibh in lectus. Pellentesque at nulla. Suspendisse potenti. Cras in purus eu magna vulputate luctus. Cum sociis natoque penatibus et magnis dis parturient montes, nascetur ridiculus mus. Vivamus vestibulum sagittis sapien.', '2018-11-24 09:31:15');
insert into user_posts (id, sender_id, receiver_id, message_title, sent_message, time_of_post) values (183, 1, 7, 'Caracara (unidentified)', 'Nulla neque libero, convallis eget, eleifend luctus, ultricies eu, nibh.', '2019-02-18 17:58:26');
insert into user_posts (id, sender_id, receiver_id, message_title, sent_message, time_of_post) values (184, 5, 6, 'River wallaby', 'Suspendisse accumsan tortor quis turpis. Sed ante. Vivamus tortor. Duis mattis egestas metus. Aenean fermentum. Donec ut mauris eget massa tempor convallis. Nulla neque libero, convallis eget, eleifend luctus, ultricies eu, nibh. Quisque id justo sit amet sapien dignissim vestibulum.', '2019-08-17 10:36:55');
insert into user_posts (id, sender_id, receiver_id, message_title, sent_message, time_of_post) values (185, 4, 4, 'Emerald-spotted wood dove', 'Nulla tellus. In sagittis dui vel nisl. Duis ac nibh. Fusce lacus purus, aliquet at, feugiat non, pretium quis, lectus. Suspendisse potenti. In eleifend quam a odio. In hac habitasse platea dictumst.', '2018-11-01 07:07:00');
insert into user_posts (id, sender_id, receiver_id, message_title, sent_message, time_of_post) values (186, 17, 14, 'Dusky gull', 'Nam dui. Proin leo odio, porttitor id, consequat in, consequat ut, nulla. Sed accumsan felis. Ut at dolor quis odio consequat varius. Integer ac leo. Pellentesque ultrices mattis odio.', '2019-07-13 21:20:17');
insert into user_posts (id, sender_id, receiver_id, message_title, sent_message, time_of_post) values (187, 15, 20, 'Cape Barren goose', 'Praesent id massa id nisl venenatis lacinia. Aenean sit amet justo. Morbi ut odio.', '2019-05-07 09:22:35');
insert into user_posts (id, sender_id, receiver_id, message_title, sent_message, time_of_post) values (188, 9, 7, 'Deer, white-tailed', 'Sed sagittis. Nam congue, risus semper porta volutpat, quam pede lobortis ligula, sit amet eleifend pede libero quis orci. Nullam molestie nibh in lectus. Pellentesque at nulla. Suspendisse potenti. Cras in purus eu magna vulputate luctus. Cum sociis natoque penatibus et magnis dis parturient montes, nascetur ridiculus mus. Vivamus vestibulum sagittis sapien.', '2019-01-22 18:03:41');
insert into user_posts (id, sender_id, receiver_id, message_title, sent_message, time_of_post) values (189, 8, 9, 'White-cheeked pintail', 'Nulla tellus. In sagittis dui vel nisl. Duis ac nibh. Fusce lacus purus, aliquet at, feugiat non, pretium quis, lectus. Suspendisse potenti. In eleifend quam a odio. In hac habitasse platea dictumst.', '2018-11-10 01:12:12');
insert into user_posts (id, sender_id, receiver_id, message_title, sent_message, time_of_post) values (190, 2, 6, 'Duck, comb', 'Phasellus sit amet erat. Nulla tempus. Vivamus in felis eu sapien cursus vestibulum. Proin eu mi. Nulla ac enim. In tempor, turpis nec euismod scelerisque, quam turpis adipiscing lorem, vitae mattis nibh ligula nec sem. Duis aliquam convallis nunc. Proin at turpis a pede posuere nonummy. Integer non velit. Donec diam neque, vestibulum eget, vulputate ut, ultrices vel, augue.', '2018-11-05 05:57:03');
insert into user_posts (id, sender_id, receiver_id, message_title, sent_message, time_of_post) values (191, 19, 19, 'Leadbeateri''s ground hornbill', 'Proin interdum mauris non ligula pellentesque ultrices. Phasellus id sapien in sapien iaculis congue. Vivamus metus arcu, adipiscing molestie, hendrerit at, vulputate vitae, nisl. Aenean lectus.', '2019-03-21 03:52:52');
insert into user_posts (id, sender_id, receiver_id, message_title, sent_message, time_of_post) values (192, 17, 12, 'Black spider monkey', 'Fusce consequat. Nulla nisl. Nunc nisl.', '2019-04-08 08:41:10');
insert into user_posts (id, sender_id, receiver_id, message_title, sent_message, time_of_post) values (193, 4, 15, 'White-winged tern', 'Ut tellus.', '2019-08-21 08:49:55');
insert into user_posts (id, sender_id, receiver_id, message_title, sent_message, time_of_post) values (194, 20, 16, 'Steller sea lion', 'Curabitur gravida nisi at nibh. In hac habitasse platea dictumst. Aliquam augue quam, sollicitudin vitae, consectetuer eget, rutrum at, lorem. Integer tincidunt ante vel ipsum. Praesent blandit lacinia erat.', '2019-09-07 07:30:49');
insert into user_posts (id, sender_id, receiver_id, message_title, sent_message, time_of_post) values (195, 4, 8, 'Monkey, rhesus', 'Nunc rhoncus dui vel sem. Sed sagittis. Nam congue, risus semper porta volutpat, quam pede lobortis ligula, sit amet eleifend pede libero quis orci. Nullam molestie nibh in lectus. Pellentesque at nulla. Suspendisse potenti.', '2019-06-02 20:37:03');
insert into user_posts (id, sender_id, receiver_id, message_title, sent_message, time_of_post) values (196, 14, 20, 'Brown brocket', 'Mauris enim leo, rhoncus sed, vestibulum sit amet, cursus id, turpis. Integer aliquet, massa id lobortis convallis, tortor risus dapibus augue, vel accumsan tellus nisi eu orci.', '2018-12-24 04:15:44');
insert into user_posts (id, sender_id, receiver_id, message_title, sent_message, time_of_post) values (197, 9, 1, 'Baboon, chacma', 'Nulla nisl. Nunc nisl. Duis bibendum, felis sed interdum venenatis, turpis enim blandit mi, in porttitor pede justo eu massa. Donec dapibus. Duis at velit eu est congue elementum. In hac habitasse platea dictumst. Morbi vestibulum, velit id pretium iaculis, diam erat fermentum justo, nec condimentum neque sapien placerat ante. Nulla justo.', '2019-08-03 23:46:19');
insert into user_posts (id, sender_id, receiver_id, message_title, sent_message, time_of_post) values (198, 6, 12, 'Beisa oryx', 'Etiam pretium iaculis justo. In hac habitasse platea dictumst. Etiam faucibus cursus urna. Ut tellus. Nulla ut erat id mauris vulputate elementum. Nullam varius.', '2019-01-09 06:52:08');
insert into user_posts (id, sender_id, receiver_id, message_title, sent_message, time_of_post) values (199, 15, 14, 'Zebra, plains', 'Integer pede justo, lacinia eget, tincidunt eget, tempus vel, pede. Morbi porttitor lorem id ligula. Suspendisse ornare consequat lectus. In est risus, auctor sed, tristique in, tempus sit amet, sem. Fusce consequat. Nulla nisl.', '2019-02-21 03:36:56');
insert into user_posts (id, sender_id, receiver_id, message_title, sent_message, time_of_post) values (200, 12, 8, 'Giraffe', 'Phasellus sit amet erat. Nulla tempus. Vivamus in felis eu sapien cursus vestibulum. Proin eu mi. Nulla ac enim. In tempor, turpis nec euismod scelerisque, quam turpis adipiscing lorem, vitae mattis nibh ligula nec sem. Duis aliquam convallis nunc. Proin at turpis a pede posuere nonummy. Integer non velit. Donec diam neque, vestibulum eget, vulputate ut, ultrices vel, augue.', '2019-04-22 05:19:13');



 insert into private_message (id, sender_id, receiver_id, message_title, sent_message, time_of_post) values (1, 19, 11, 'Aks', 'Vestibulum sed magna at nunc commodo placerat. Praesent blandit. Nam nulla. Integer pede justo, lacinia eget, tincidunt eget, tempus vel, pede. Morbi porttitor lorem id ligula. Suspendisse ornare consequat lectus. In est risus, auctor sed, tristique in, tempus sit amet, sem. Fusce consequat. Nulla nisl. Nunc nisl.', '2019-09-10 21:02:53');
insert into private_message (id, sender_id, receiver_id, message_title, sent_message, time_of_post) values (2, 20, 3, 'Borrower, The', 'Etiam pretium iaculis justo. In hac habitasse platea dictumst. Etiam faucibus cursus urna. Ut tellus.', '2019-05-02 12:15:43');
insert into private_message (id, sender_id, receiver_id, message_title, sent_message, time_of_post) values (3, 20, 8, 'Fanny', 'Vestibulum ante ipsum primis in faucibus orci luctus et ultrices posuere cubilia Curae; Duis faucibus accumsan odio. Curabitur convallis. Duis consequat dui nec nisi volutpat eleifend. Donec ut dolor.', '2018-09-22 10:36:55');
insert into private_message (id, sender_id, receiver_id, message_title, sent_message, time_of_post) values (4, 13, 6, 'Ten Violent Women', 'Nulla tempus. Vivamus in felis eu sapien cursus vestibulum. Proin eu mi. Nulla ac enim. In tempor, turpis nec euismod scelerisque, quam turpis adipiscing lorem, vitae mattis nibh ligula nec sem. Duis aliquam convallis nunc. Proin at turpis a pede posuere nonummy. Integer non velit. Donec diam neque, vestibulum eget, vulputate ut, ultrices vel, augue. Vestibulum ante ipsum primis in faucibus orci luctus et ultrices posuere cubilia Curae; Donec pharetra, magna vestibulum aliquet ultrices, erat tortor sollicitudin mi, sit amet lobortis sapien sapien non mi.', '2018-11-19 20:13:19');
insert into private_message (id, sender_id, receiver_id, message_title, sent_message, time_of_post) values (5, 11, 16, 'Old Man Made in Spain (Abuelo made in Spain)', 'Nullam varius. Nulla facilisi. Cras non velit nec nisi vulputate nonummy. Maecenas tincidunt lacus at velit. Vivamus vel nulla eget eros elementum pellentesque. Quisque porta volutpat erat. Quisque erat eros, viverra eget, congue eget, semper rutrum, nulla. Nunc purus.', '2019-04-12 18:03:27');
insert into private_message (id, sender_id, receiver_id, message_title, sent_message, time_of_post) values (6, 10, 9, 'Newton Boys, The', 'Sed vel enim sit amet nunc viverra dapibus. Nulla suscipit ligula in lacus.', '2019-07-04 00:04:10');
insert into private_message (id, sender_id, receiver_id, message_title, sent_message, time_of_post) values (7, 11, 7, 'Floating', 'Aenean fermentum. Donec ut mauris eget massa tempor convallis.', '2019-06-20 04:49:32');
insert into private_message (id, sender_id, receiver_id, message_title, sent_message, time_of_post) values (8, 19, 3, 'Murder by Numbers', 'Mauris sit amet eros. Suspendisse accumsan tortor quis turpis. Sed ante.', '2019-09-08 06:51:08');
insert into private_message (id, sender_id, receiver_id, message_title, sent_message, time_of_post) values (9, 13, 9, 'Untamed Youth', 'Curabitur convallis.', '2019-08-07 03:02:20');
insert into private_message (id, sender_id, receiver_id, message_title, sent_message, time_of_post) values (10, 12, 17, 'Number Seventeen (a.k.a. Number 17)', 'In hac habitasse platea dictumst. Morbi vestibulum, velit id pretium iaculis, diam erat fermentum justo, nec condimentum neque sapien placerat ante. Nulla justo. Aliquam quis turpis eget elit sodales scelerisque. Mauris sit amet eros. Suspendisse accumsan tortor quis turpis. Sed ante. Vivamus tortor.', '2019-07-05 09:56:07');
insert into private_message (id, sender_id, receiver_id, message_title, sent_message, time_of_post) values (11, 3, 5, 'Tall Story', 'Aliquam erat volutpat. In congue. Etiam justo. Etiam pretium iaculis justo. In hac habitasse platea dictumst. Etiam faucibus cursus urna. Ut tellus. Nulla ut erat id mauris vulputate elementum. Nullam varius.', '2018-10-11 16:48:24');
insert into private_message (id, sender_id, receiver_id, message_title, sent_message, time_of_post) values (12, 4, 7, 'Life of David Gale, The', 'Duis mattis egestas metus. Aenean fermentum. Donec ut mauris eget massa tempor convallis. Nulla neque libero, convallis eget, eleifend luctus, ultricies eu, nibh. Quisque id justo sit amet sapien dignissim vestibulum. Vestibulum ante ipsum primis in faucibus orci luctus et ultrices posuere cubilia Curae; Nulla dapibus dolor vel est. Donec odio justo, sollicitudin ut, suscipit a, feugiat et, eros.', '2018-12-25 17:15:56');
insert into private_message (id, sender_id, receiver_id, message_title, sent_message, time_of_post) values (13, 11, 18, 'Horror Planet (a.k.a. Inseminoid)', 'Aenean sit amet justo. Morbi ut odio.', '2019-02-10 11:35:46');
insert into private_message (id, sender_id, receiver_id, message_title, sent_message, time_of_post) values (14, 20, 14, 'Tale of Two Cities, A', 'Vestibulum rutrum rutrum neque. Aenean auctor gravida sem. Praesent id massa id nisl venenatis lacinia. Aenean sit amet justo. Morbi ut odio. Cras mi pede, malesuada in, imperdiet et, commodo vulputate, justo. In blandit ultrices enim. Lorem ipsum dolor sit amet, consectetuer adipiscing elit. Proin interdum mauris non ligula pellentesque ultrices. Phasellus id sapien in sapien iaculis congue.', '2019-01-25 09:45:58');
insert into private_message (id, sender_id, receiver_id, message_title, sent_message, time_of_post) values (15, 1, 20, 'Gifted Hands: The Ben Carson Story', 'In blandit ultrices enim. Lorem ipsum dolor sit amet, consectetuer adipiscing elit. Proin interdum mauris non ligula pellentesque ultrices. Phasellus id sapien in sapien iaculis congue. Vivamus metus arcu, adipiscing molestie, hendrerit at, vulputate vitae, nisl.', '2019-06-06 06:30:26');
insert into private_message (id, sender_id, receiver_id, message_title, sent_message, time_of_post) values (16, 5, 12, 'Adjustment Bureau, The', 'Morbi odio odio, elementum eu, interdum eu, tincidunt in, leo. Maecenas pulvinar lobortis est. Phasellus sit amet erat. Nulla tempus. Vivamus in felis eu sapien cursus vestibulum. Proin eu mi.', '2019-04-20 17:52:56');
insert into private_message (id, sender_id, receiver_id, message_title, sent_message, time_of_post) values (17, 10, 14, 'Rachel Getting Married', 'Nulla mollis molestie lorem. Quisque ut erat. Curabitur gravida nisi at nibh. In hac habitasse platea dictumst. Aliquam augue quam, sollicitudin vitae, consectetuer eget, rutrum at, lorem. Integer tincidunt ante vel ipsum. Praesent blandit lacinia erat. Vestibulum sed magna at nunc commodo placerat.', '2018-12-04 13:55:27');
insert into private_message (id, sender_id, receiver_id, message_title, sent_message, time_of_post) values (18, 20, 10, 'Bells, The', 'Nam ultrices, libero non mattis pulvinar, nulla pede ullamcorper augue, a suscipit nulla elit ac nulla. Sed vel enim sit amet nunc viverra dapibus. Nulla suscipit ligula in lacus. Curabitur at ipsum ac tellus semper interdum. Mauris ullamcorper purus sit amet nulla. Quisque arcu libero, rutrum ac, lobortis vel, dapibus at, diam.', '2019-09-02 06:11:11');
insert into private_message (id, sender_id, receiver_id, message_title, sent_message, time_of_post) values (19, 4, 14, 'Indian Summer (a.k.a. Alive & Kicking)', 'Fusce congue, diam id ornare imperdiet, sapien urna pretium nisl, ut volutpat sapien arcu sed augue. Aliquam erat volutpat. In congue. Etiam justo. Etiam pretium iaculis justo.', '2018-11-30 20:32:46');
insert into private_message (id, sender_id, receiver_id, message_title, sent_message, time_of_post) values (20, 16, 17, 'Parking (Ting che)', 'Integer ac leo. Pellentesque ultrices mattis odio. Donec vitae nisi.', '2018-09-21 19:45:21');
insert into private_message (id, sender_id, receiver_id, message_title, sent_message, time_of_post) values (21, 15, 7, 'Went the Day Well?', 'In hac habitasse platea dictumst. Aliquam augue quam, sollicitudin vitae, consectetuer eget, rutrum at, lorem. Integer tincidunt ante vel ipsum. Praesent blandit lacinia erat. Vestibulum sed magna at nunc commodo placerat. Praesent blandit.', '2019-02-03 22:28:28');
insert into private_message (id, sender_id, receiver_id, message_title, sent_message, time_of_post) values (22, 7, 6, 'Linsanity', 'Nulla ut erat id mauris vulputate elementum. Nullam varius. Nulla facilisi. Cras non velit nec nisi vulputate nonummy. Maecenas tincidunt lacus at velit. Vivamus vel nulla eget eros elementum pellentesque. Quisque porta volutpat erat. Quisque erat eros, viverra eget, congue eget, semper rutrum, nulla. Nunc purus.', '2018-10-14 07:26:27');
insert into private_message (id, sender_id, receiver_id, message_title, sent_message, time_of_post) values (23, 14, 6, 'My Left Foot', 'Donec posuere metus vitae ipsum. Aliquam non mauris. Morbi non lectus. Aliquam sit amet diam in magna bibendum imperdiet. Nullam orci pede, venenatis non, sodales sed, tincidunt eu, felis. Fusce posuere felis sed lacus. Morbi sem mauris, laoreet ut, rhoncus aliquet, pulvinar sed, nisl. Nunc rhoncus dui vel sem. Sed sagittis. Nam congue, risus semper porta volutpat, quam pede lobortis ligula, sit amet eleifend pede libero quis orci.', '2018-10-17 18:12:06');
insert into private_message (id, sender_id, receiver_id, message_title, sent_message, time_of_post) values (24, 13, 14, 'Manny', 'Praesent blandit. Nam nulla. Integer pede justo, lacinia eget, tincidunt eget, tempus vel, pede. Morbi porttitor lorem id ligula. Suspendisse ornare consequat lectus.', '2019-02-14 11:35:35');
insert into private_message (id, sender_id, receiver_id, message_title, sent_message, time_of_post) values (25, 11, 17, 'Tucker: The Man and His Dream', 'Suspendisse ornare consequat lectus. In est risus, auctor sed, tristique in, tempus sit amet, sem. Fusce consequat. Nulla nisl. Nunc nisl. Duis bibendum, felis sed interdum venenatis, turpis enim blandit mi, in porttitor pede justo eu massa. Donec dapibus.', '2019-03-13 09:40:08');
insert into private_message (id, sender_id, receiver_id, message_title, sent_message, time_of_post) values (26, 19, 2, 'Objectified', 'Maecenas tincidunt lacus at velit. Vivamus vel nulla eget eros elementum pellentesque.', '2018-10-31 09:54:10');
insert into private_message (id, sender_id, receiver_id, message_title, sent_message, time_of_post) values (27, 5, 6, 'Takedown', 'Cras mi pede, malesuada in, imperdiet et, commodo vulputate, justo. In blandit ultrices enim. Lorem ipsum dolor sit amet, consectetuer adipiscing elit. Proin interdum mauris non ligula pellentesque ultrices. Phasellus id sapien in sapien iaculis congue. Vivamus metus arcu, adipiscing molestie, hendrerit at, vulputate vitae, nisl. Aenean lectus.', '2019-06-01 10:13:06');
insert into private_message (id, sender_id, receiver_id, message_title, sent_message, time_of_post) values (28, 8, 5, 'AM1200', 'Praesent id massa id nisl venenatis lacinia. Aenean sit amet justo. Morbi ut odio. Cras mi pede, malesuada in, imperdiet et, commodo vulputate, justo. In blandit ultrices enim. Lorem ipsum dolor sit amet, consectetuer adipiscing elit. Proin interdum mauris non ligula pellentesque ultrices. Phasellus id sapien in sapien iaculis congue. Vivamus metus arcu, adipiscing molestie, hendrerit at, vulputate vitae, nisl. Aenean lectus.', '2019-09-05 03:58:33');
insert into private_message (id, sender_id, receiver_id, message_title, sent_message, time_of_post) values (29, 17, 2, 'Seems Like Old Times', 'Proin eu mi. Nulla ac enim.', '2019-05-21 03:06:31');
insert into private_message (id, sender_id, receiver_id, message_title, sent_message, time_of_post) values (30, 9, 6, 'Nightmare on Elm Street 2: Freddy''s Revenge, A', 'Proin at turpis a pede posuere nonummy. Integer non velit. Donec diam neque, vestibulum eget, vulputate ut, ultrices vel, augue. Vestibulum ante ipsum primis in faucibus orci luctus et ultrices posuere cubilia Curae; Donec pharetra, magna vestibulum aliquet ultrices, erat tortor sollicitudin mi, sit amet lobortis sapien sapien non mi. Integer ac neque. Duis bibendum. Morbi non quam nec dui luctus rutrum. Nulla tellus. In sagittis dui vel nisl.', '2019-04-27 15:59:18');
insert into private_message (id, sender_id, receiver_id, message_title, sent_message, time_of_post) values (31, 2, 16, 'Trouble in Paradise', 'Morbi a ipsum. Integer a nibh. In quis justo. Maecenas rhoncus aliquam lacus. Morbi quis tortor id nulla ultrices aliquet. Maecenas leo odio, condimentum id, luctus nec, molestie sed, justo.', '2018-10-21 22:47:19');
insert into private_message (id, sender_id, receiver_id, message_title, sent_message, time_of_post) values (32, 11, 7, 'Death in Venice (Morte a Venezia)', 'Nulla tempus. Vivamus in felis eu sapien cursus vestibulum. Proin eu mi. Nulla ac enim. In tempor, turpis nec euismod scelerisque, quam turpis adipiscing lorem, vitae mattis nibh ligula nec sem. Duis aliquam convallis nunc. Proin at turpis a pede posuere nonummy. Integer non velit. Donec diam neque, vestibulum eget, vulputate ut, ultrices vel, augue.', '2019-08-25 10:10:50');
insert into private_message (id, sender_id, receiver_id, message_title, sent_message, time_of_post) values (33, 6, 4, 'Comedy, The', 'Duis mattis egestas metus. Aenean fermentum. Donec ut mauris eget massa tempor convallis. Nulla neque libero, convallis eget, eleifend luctus, ultricies eu, nibh. Quisque id justo sit amet sapien dignissim vestibulum. Vestibulum ante ipsum primis in faucibus orci luctus et ultrices posuere cubilia Curae; Nulla dapibus dolor vel est. Donec odio justo, sollicitudin ut, suscipit a, feugiat et, eros. Vestibulum ac est lacinia nisi venenatis tristique. Fusce congue, diam id ornare imperdiet, sapien urna pretium nisl, ut volutpat sapien arcu sed augue. Aliquam erat volutpat.', '2019-01-27 01:56:05');
insert into private_message (id, sender_id, receiver_id, message_title, sent_message, time_of_post) values (34, 17, 1, 'Employee of the Month', 'Etiam vel augue. Vestibulum rutrum rutrum neque.', '2019-06-20 23:26:03');
insert into private_message (id, sender_id, receiver_id, message_title, sent_message, time_of_post) values (35, 4, 18, 'Hiding Cot (Piilopirtti)', 'Cras in purus eu magna vulputate luctus. Cum sociis natoque penatibus et magnis dis parturient montes, nascetur ridiculus mus. Vivamus vestibulum sagittis sapien.', '2019-02-22 04:06:09');
insert into private_message (id, sender_id, receiver_id, message_title, sent_message, time_of_post) values (36, 9, 17, 'My Sex Life... or How I Got Into an Argument (Comment je me suis disput... (ma vie sexuelle))', 'Lorem ipsum dolor sit amet, consectetuer adipiscing elit. Proin interdum mauris non ligula pellentesque ultrices. Phasellus id sapien in sapien iaculis congue. Vivamus metus arcu, adipiscing molestie, hendrerit at, vulputate vitae, nisl. Aenean lectus. Pellentesque eget nunc. Donec quis orci eget orci vehicula condimentum.', '2019-08-14 00:50:11');
insert into private_message (id, sender_id, receiver_id, message_title, sent_message, time_of_post) values (37, 3, 6, 'The Secret of Convict Lake', 'Suspendisse potenti.', '2018-09-19 08:23:30');
insert into private_message (id, sender_id, receiver_id, message_title, sent_message, time_of_post) values (38, 2, 11, 'Citizen Gangster ', 'Fusce posuere felis sed lacus. Morbi sem mauris, laoreet ut, rhoncus aliquet, pulvinar sed, nisl. Nunc rhoncus dui vel sem. Sed sagittis. Nam congue, risus semper porta volutpat, quam pede lobortis ligula, sit amet eleifend pede libero quis orci. Nullam molestie nibh in lectus. Pellentesque at nulla.', '2019-02-27 17:08:42');
insert into private_message (id, sender_id, receiver_id, message_title, sent_message, time_of_post) values (39, 6, 18, '(Absolutions) Pipilotti''s Mistakes ((Entlastungen) Pipilottis Fehler)', 'Proin interdum mauris non ligula pellentesque ultrices. Phasellus id sapien in sapien iaculis congue. Vivamus metus arcu, adipiscing molestie, hendrerit at, vulputate vitae, nisl. Aenean lectus. Pellentesque eget nunc. Donec quis orci eget orci vehicula condimentum.', '2019-07-19 22:27:08');
insert into private_message (id, sender_id, receiver_id, message_title, sent_message, time_of_post) values (40, 5, 17, 'First on the Moon (Pervye na Lune)', 'Pellentesque at nulla. Suspendisse potenti. Cras in purus eu magna vulputate luctus. Cum sociis natoque penatibus et magnis dis parturient montes, nascetur ridiculus mus. Vivamus vestibulum sagittis sapien. Cum sociis natoque penatibus et magnis dis parturient montes, nascetur ridiculus mus. Etiam vel augue. Vestibulum rutrum rutrum neque. Aenean auctor gravida sem.', '2019-06-02 18:01:11');
insert into private_message (id, sender_id, receiver_id, message_title, sent_message, time_of_post) values (41, 12, 16, 'Absurdistan', 'Duis mattis egestas metus. Aenean fermentum. Donec ut mauris eget massa tempor convallis. Nulla neque libero, convallis eget, eleifend luctus, ultricies eu, nibh. Quisque id justo sit amet sapien dignissim vestibulum. Vestibulum ante ipsum primis in faucibus orci luctus et ultrices posuere cubilia Curae; Nulla dapibus dolor vel est.', '2018-09-11 14:42:50');
insert into private_message (id, sender_id, receiver_id, message_title, sent_message, time_of_post) values (42, 17, 7, 'War of the Gargantuas, The (Furankenshutain no kaij: Sanda tai Gaira)', 'Nulla neque libero, convallis eget, eleifend luctus, ultricies eu, nibh. Quisque id justo sit amet sapien dignissim vestibulum. Vestibulum ante ipsum primis in faucibus orci luctus et ultrices posuere cubilia Curae; Nulla dapibus dolor vel est. Donec odio justo, sollicitudin ut, suscipit a, feugiat et, eros. Vestibulum ac est lacinia nisi venenatis tristique. Fusce congue, diam id ornare imperdiet, sapien urna pretium nisl, ut volutpat sapien arcu sed augue. Aliquam erat volutpat. In congue. Etiam justo.', '2019-08-07 16:19:37');
insert into private_message (id, sender_id, receiver_id, message_title, sent_message, time_of_post) values (43, 11, 8, 'Miracle of Morgan''s Creek, The', 'Aenean sit amet justo. Morbi ut odio. Cras mi pede, malesuada in, imperdiet et, commodo vulputate, justo. In blandit ultrices enim. Lorem ipsum dolor sit amet, consectetuer adipiscing elit. Proin interdum mauris non ligula pellentesque ultrices. Phasellus id sapien in sapien iaculis congue. Vivamus metus arcu, adipiscing molestie, hendrerit at, vulputate vitae, nisl. Aenean lectus. Pellentesque eget nunc.', '2019-08-17 03:00:28');
insert into private_message (id, sender_id, receiver_id, message_title, sent_message, time_of_post) values (44, 7, 13, 'Christmas in Connecticut', 'Integer ac neque. Duis bibendum. Morbi non quam nec dui luctus rutrum. Nulla tellus. In sagittis dui vel nisl.', '2019-04-09 16:56:46');
insert into private_message (id, sender_id, receiver_id, message_title, sent_message, time_of_post) values (45, 10, 17, 'Last Time I Committed Suicide, The', 'Nam congue, risus semper porta volutpat, quam pede lobortis ligula, sit amet eleifend pede libero quis orci.', '2019-01-11 12:57:55');
insert into private_message (id, sender_id, receiver_id, message_title, sent_message, time_of_post) values (46, 2, 15, 'Bloodstone: Subspecies II', 'Duis consequat dui nec nisi volutpat eleifend. Donec ut dolor. Morbi vel lectus in quam fringilla rhoncus. Mauris enim leo, rhoncus sed, vestibulum sit amet, cursus id, turpis.', '2019-02-20 06:13:19');
insert into private_message (id, sender_id, receiver_id, message_title, sent_message, time_of_post) values (47, 2, 8, 'Suite Franaise', 'Suspendisse ornare consequat lectus. In est risus, auctor sed, tristique in, tempus sit amet, sem. Fusce consequat. Nulla nisl. Nunc nisl. Duis bibendum, felis sed interdum venenatis, turpis enim blandit mi, in porttitor pede justo eu massa. Donec dapibus. Duis at velit eu est congue elementum.', '2018-11-21 02:13:42');
insert into private_message (id, sender_id, receiver_id, message_title, sent_message, time_of_post) values (48, 13, 11, 'Gas, Inspector Palmu! (Kaasua, komisario Palmu!)', 'Maecenas tristique, est et tempus semper, est quam pharetra magna, ac consequat metus sapien ut nunc. Vestibulum ante ipsum primis in faucibus orci luctus et ultrices posuere cubilia Curae; Mauris viverra diam vitae quam. Suspendisse potenti. Nullam porttitor lacus at turpis. Donec posuere metus vitae ipsum. Aliquam non mauris.', '2019-07-08 00:54:02');
insert into private_message (id, sender_id, receiver_id, message_title, sent_message, time_of_post) values (49, 13, 3, 'Sasori', 'Lorem ipsum dolor sit amet, consectetuer adipiscing elit. Proin interdum mauris non ligula pellentesque ultrices. Phasellus id sapien in sapien iaculis congue. Vivamus metus arcu, adipiscing molestie, hendrerit at, vulputate vitae, nisl. Aenean lectus. Pellentesque eget nunc. Donec quis orci eget orci vehicula condimentum. Curabitur in libero ut massa volutpat convallis. Morbi odio odio, elementum eu, interdum eu, tincidunt in, leo.', '2018-10-10 14:21:41');
insert into private_message (id, sender_id, receiver_id, message_title, sent_message, time_of_post) values (50, 12, 19, 'Kingdom of the Spiders', 'In hac habitasse platea dictumst. Morbi vestibulum, velit id pretium iaculis, diam erat fermentum justo, nec condimentum neque sapien placerat ante. Nulla justo. Aliquam quis turpis eget elit sodales scelerisque. Mauris sit amet eros. Suspendisse accumsan tortor quis turpis. Sed ante. Vivamus tortor. Duis mattis egestas metus. Aenean fermentum.', '2019-04-17 01:04:42');
insert into private_message (id, sender_id, receiver_id, message_title, sent_message, time_of_post) values (51, 2, 14, 'My Friends (Amici miei)', 'In hac habitasse platea dictumst.', '2019-07-19 15:58:47');
insert into private_message (id, sender_id, receiver_id, message_title, sent_message, time_of_post) values (52, 4, 10, 'Better Than Chocolate', 'Donec quis orci eget orci vehicula condimentum. Curabitur in libero ut massa volutpat convallis. Morbi odio odio, elementum eu, interdum eu, tincidunt in, leo. Maecenas pulvinar lobortis est. Phasellus sit amet erat. Nulla tempus. Vivamus in felis eu sapien cursus vestibulum.', '2019-06-23 08:01:49');
insert into private_message (id, sender_id, receiver_id, message_title, sent_message, time_of_post) values (53, 4, 8, 'Hairdresser''s Husband, The (Le mari de la coiffeuse)', 'Nulla neque libero, convallis eget, eleifend luctus, ultricies eu, nibh. Quisque id justo sit amet sapien dignissim vestibulum. Vestibulum ante ipsum primis in faucibus orci luctus et ultrices posuere cubilia Curae; Nulla dapibus dolor vel est.', '2018-10-19 09:21:44');
insert into private_message (id, sender_id, receiver_id, message_title, sent_message, time_of_post) values (54, 18, 13, 'Target', 'Cum sociis natoque penatibus et magnis dis parturient montes, nascetur ridiculus mus. Etiam vel augue. Vestibulum rutrum rutrum neque. Aenean auctor gravida sem. Praesent id massa id nisl venenatis lacinia. Aenean sit amet justo. Morbi ut odio. Cras mi pede, malesuada in, imperdiet et, commodo vulputate, justo. In blandit ultrices enim. Lorem ipsum dolor sit amet, consectetuer adipiscing elit.', '2019-05-31 08:10:48');
insert into private_message (id, sender_id, receiver_id, message_title, sent_message, time_of_post) values (55, 20, 15, 'Janky Promoters, The', 'Nullam orci pede, venenatis non, sodales sed, tincidunt eu, felis. Fusce posuere felis sed lacus. Morbi sem mauris, laoreet ut, rhoncus aliquet, pulvinar sed, nisl. Nunc rhoncus dui vel sem. Sed sagittis.', '2019-04-07 13:20:29');
insert into private_message (id, sender_id, receiver_id, message_title, sent_message, time_of_post) values (56, 8, 11, 'Slow Burn', 'Nulla tempus. Vivamus in felis eu sapien cursus vestibulum. Proin eu mi. Nulla ac enim. In tempor, turpis nec euismod scelerisque, quam turpis adipiscing lorem, vitae mattis nibh ligula nec sem.', '2018-10-11 14:10:42');
insert into private_message (id, sender_id, receiver_id, message_title, sent_message, time_of_post) values (57, 15, 20, 'Moulin Rouge', 'Vestibulum rutrum rutrum neque. Aenean auctor gravida sem. Praesent id massa id nisl venenatis lacinia. Aenean sit amet justo. Morbi ut odio.', '2019-07-29 20:28:16');
insert into private_message (id, sender_id, receiver_id, message_title, sent_message, time_of_post) values (58, 10, 6, 'For Love or Money', 'Fusce lacus purus, aliquet at, feugiat non, pretium quis, lectus. Suspendisse potenti. In eleifend quam a odio.', '2019-03-21 23:36:38');
insert into private_message (id, sender_id, receiver_id, message_title, sent_message, time_of_post) values (59, 19, 16, 'Nine Dead', 'Morbi quis tortor id nulla ultrices aliquet. Maecenas leo odio, condimentum id, luctus nec, molestie sed, justo. Pellentesque viverra pede ac diam. Cras pellentesque volutpat dui. Maecenas tristique, est et tempus semper, est quam pharetra magna, ac consequat metus sapien ut nunc. Vestibulum ante ipsum primis in faucibus orci luctus et ultrices posuere cubilia Curae; Mauris viverra diam vitae quam. Suspendisse potenti.', '2019-07-25 00:01:59');
insert into private_message (id, sender_id, receiver_id, message_title, sent_message, time_of_post) values (60, 5, 12, 'Seven Days to Noon', 'Maecenas pulvinar lobortis est. Phasellus sit amet erat. Nulla tempus.', '2019-08-11 18:15:25');
insert into private_message (id, sender_id, receiver_id, message_title, sent_message, time_of_post) values (61, 6, 12, 'Till Human Voices Wake Us', 'Nulla justo. Aliquam quis turpis eget elit sodales scelerisque.', '2019-04-29 03:44:50');
insert into private_message (id, sender_id, receiver_id, message_title, sent_message, time_of_post) values (62, 6, 10, 'The Last Train through Harecastle Tunnel', 'Integer aliquet, massa id lobortis convallis, tortor risus dapibus augue, vel accumsan tellus nisi eu orci. Mauris lacinia sapien quis libero. Nullam sit amet turpis elementum ligula vehicula consequat. Morbi a ipsum. Integer a nibh. In quis justo. Maecenas rhoncus aliquam lacus. Morbi quis tortor id nulla ultrices aliquet. Maecenas leo odio, condimentum id, luctus nec, molestie sed, justo.', '2019-06-13 16:54:33');
insert into private_message (id, sender_id, receiver_id, message_title, sent_message, time_of_post) values (63, 8, 14, 'Isadora', 'Morbi porttitor lorem id ligula. Suspendisse ornare consequat lectus. In est risus, auctor sed, tristique in, tempus sit amet, sem. Fusce consequat. Nulla nisl. Nunc nisl. Duis bibendum, felis sed interdum venenatis, turpis enim blandit mi, in porttitor pede justo eu massa. Donec dapibus.', '2019-08-08 00:43:45');
insert into private_message (id, sender_id, receiver_id, message_title, sent_message, time_of_post) values (64, 11, 20, 'Grand Isle', 'Morbi ut odio. Cras mi pede, malesuada in, imperdiet et, commodo vulputate, justo. In blandit ultrices enim. Lorem ipsum dolor sit amet, consectetuer adipiscing elit. Proin interdum mauris non ligula pellentesque ultrices. Phasellus id sapien in sapien iaculis congue.', '2019-05-28 02:25:31');
insert into private_message (id, sender_id, receiver_id, message_title, sent_message, time_of_post) values (65, 9, 6, 'Bachelor Party', 'Phasellus id sapien in sapien iaculis congue. Vivamus metus arcu, adipiscing molestie, hendrerit at, vulputate vitae, nisl.', '2019-01-05 11:42:12');
insert into private_message (id, sender_id, receiver_id, message_title, sent_message, time_of_post) values (66, 19, 13, 'Shiloh', 'Aenean sit amet justo. Morbi ut odio. Cras mi pede, malesuada in, imperdiet et, commodo vulputate, justo. In blandit ultrices enim. Lorem ipsum dolor sit amet, consectetuer adipiscing elit. Proin interdum mauris non ligula pellentesque ultrices. Phasellus id sapien in sapien iaculis congue. Vivamus metus arcu, adipiscing molestie, hendrerit at, vulputate vitae, nisl. Aenean lectus.', '2018-11-14 12:11:52');
insert into private_message (id, sender_id, receiver_id, message_title, sent_message, time_of_post) values (67, 18, 17, 'Louise-Michel', 'Nulla ut erat id mauris vulputate elementum. Nullam varius. Nulla facilisi. Cras non velit nec nisi vulputate nonummy.', '2019-05-03 19:48:16');
insert into private_message (id, sender_id, receiver_id, message_title, sent_message, time_of_post) values (68, 3, 13, 'Hannah Free', 'Aenean sit amet justo. Morbi ut odio. Cras mi pede, malesuada in, imperdiet et, commodo vulputate, justo. In blandit ultrices enim. Lorem ipsum dolor sit amet, consectetuer adipiscing elit. Proin interdum mauris non ligula pellentesque ultrices. Phasellus id sapien in sapien iaculis congue.', '2019-02-16 14:25:15');
insert into private_message (id, sender_id, receiver_id, message_title, sent_message, time_of_post) values (69, 7, 20, 'Little Fockers', 'Maecenas tristique, est et tempus semper, est quam pharetra magna, ac consequat metus sapien ut nunc. Vestibulum ante ipsum primis in faucibus orci luctus et ultrices posuere cubilia Curae; Mauris viverra diam vitae quam. Suspendisse potenti. Nullam porttitor lacus at turpis. Donec posuere metus vitae ipsum. Aliquam non mauris.', '2019-02-11 10:01:00');
insert into private_message (id, sender_id, receiver_id, message_title, sent_message, time_of_post) values (70, 12, 16, 'Perkele! Kuvia Suomesta', 'Sed vel enim sit amet nunc viverra dapibus.', '2019-03-23 22:26:13');
insert into private_message (id, sender_id, receiver_id, message_title, sent_message, time_of_post) values (71, 15, 20, 'Hard Corps, The', 'Morbi non quam nec dui luctus rutrum. Nulla tellus. In sagittis dui vel nisl. Duis ac nibh. Fusce lacus purus, aliquet at, feugiat non, pretium quis, lectus. Suspendisse potenti. In eleifend quam a odio.', '2018-09-17 11:39:16');
insert into private_message (id, sender_id, receiver_id, message_title, sent_message, time_of_post) values (72, 6, 2, 'Lego: The Adventures of Clutch Powers', 'Nulla mollis molestie lorem. Quisque ut erat.', '2019-02-27 00:29:37');
insert into private_message (id, sender_id, receiver_id, message_title, sent_message, time_of_post) values (73, 15, 11, 'All-Star Superman', 'Duis consequat dui nec nisi volutpat eleifend. Donec ut dolor. Morbi vel lectus in quam fringilla rhoncus. Mauris enim leo, rhoncus sed, vestibulum sit amet, cursus id, turpis. Integer aliquet, massa id lobortis convallis, tortor risus dapibus augue, vel accumsan tellus nisi eu orci.', '2019-03-27 11:09:33');
insert into private_message (id, sender_id, receiver_id, message_title, sent_message, time_of_post) values (74, 15, 3, 'Jail Bait', 'Quisque id justo sit amet sapien dignissim vestibulum. Vestibulum ante ipsum primis in faucibus orci luctus et ultrices posuere cubilia Curae; Nulla dapibus dolor vel est. Donec odio justo, sollicitudin ut, suscipit a, feugiat et, eros. Vestibulum ac est lacinia nisi venenatis tristique. Fusce congue, diam id ornare imperdiet, sapien urna pretium nisl, ut volutpat sapien arcu sed augue. Aliquam erat volutpat. In congue. Etiam justo. Etiam pretium iaculis justo.', '2019-02-21 14:07:47');
insert into private_message (id, sender_id, receiver_id, message_title, sent_message, time_of_post) values (75, 8, 10, 'Guantanamera', 'Phasellus in felis. Donec semper sapien a libero. Nam dui. Proin leo odio, porttitor id, consequat in, consequat ut, nulla.', '2019-02-28 17:52:47');
insert into private_message (id, sender_id, receiver_id, message_title, sent_message, time_of_post) values (76, 5, 6, 'Whisper of Sin (Nuodemes uzkalbejimas)', 'Proin interdum mauris non ligula pellentesque ultrices. Phasellus id sapien in sapien iaculis congue. Vivamus metus arcu, adipiscing molestie, hendrerit at, vulputate vitae, nisl. Aenean lectus. Pellentesque eget nunc. Donec quis orci eget orci vehicula condimentum. Curabitur in libero ut massa volutpat convallis.', '2019-04-23 13:50:25');
insert into private_message (id, sender_id, receiver_id, message_title, sent_message, time_of_post) values (77, 1, 15, 'What Alice Found', 'Cras mi pede, malesuada in, imperdiet et, commodo vulputate, justo. In blandit ultrices enim.', '2018-12-02 03:12:52');
insert into private_message (id, sender_id, receiver_id, message_title, sent_message, time_of_post) values (78, 2, 4, 'Goldengirl', 'Nullam orci pede, venenatis non, sodales sed, tincidunt eu, felis. Fusce posuere felis sed lacus. Morbi sem mauris, laoreet ut, rhoncus aliquet, pulvinar sed, nisl. Nunc rhoncus dui vel sem. Sed sagittis. Nam congue, risus semper porta volutpat, quam pede lobortis ligula, sit amet eleifend pede libero quis orci. Nullam molestie nibh in lectus. Pellentesque at nulla. Suspendisse potenti. Cras in purus eu magna vulputate luctus.', '2019-05-25 19:51:24');
insert into private_message (id, sender_id, receiver_id, message_title, sent_message, time_of_post) values (79, 7, 1, 'Return of Dracula, The', 'Lorem ipsum dolor sit amet, consectetuer adipiscing elit. Proin risus. Praesent lectus. Vestibulum quam sapien, varius ut, blandit non, interdum in, ante. Vestibulum ante ipsum primis in faucibus orci luctus et ultrices posuere cubilia Curae; Duis faucibus accumsan odio.', '2018-10-28 09:47:49');
insert into private_message (id, sender_id, receiver_id, message_title, sent_message, time_of_post) values (80, 20, 1, '300', 'Mauris lacinia sapien quis libero. Nullam sit amet turpis elementum ligula vehicula consequat.', '2019-07-10 10:10:47');
insert into private_message (id, sender_id, receiver_id, message_title, sent_message, time_of_post) values (81, 12, 14, 'May 18 (Hwaryeohan hyuga)', 'Morbi vestibulum, velit id pretium iaculis, diam erat fermentum justo, nec condimentum neque sapien placerat ante.', '2019-02-18 08:28:43');
insert into private_message (id, sender_id, receiver_id, message_title, sent_message, time_of_post) values (82, 14, 20, 'Scenesters, The', 'Morbi non lectus. Aliquam sit amet diam in magna bibendum imperdiet. Nullam orci pede, venenatis non, sodales sed, tincidunt eu, felis. Fusce posuere felis sed lacus. Morbi sem mauris, laoreet ut, rhoncus aliquet, pulvinar sed, nisl. Nunc rhoncus dui vel sem. Sed sagittis. Nam congue, risus semper porta volutpat, quam pede lobortis ligula, sit amet eleifend pede libero quis orci. Nullam molestie nibh in lectus.', '2018-11-13 15:36:11');
insert into private_message (id, sender_id, receiver_id, message_title, sent_message, time_of_post) values (83, 8, 14, 'La discrte', 'Nulla neque libero, convallis eget, eleifend luctus, ultricies eu, nibh.', '2018-11-17 02:44:52');
insert into private_message (id, sender_id, receiver_id, message_title, sent_message, time_of_post) values (84, 19, 11, 'Belle of the Nineties', 'Nunc purus.', '2018-10-28 06:13:31');
insert into private_message (id, sender_id, receiver_id, message_title, sent_message, time_of_post) values (85, 17, 12, 'City in the Sea', 'Quisque id justo sit amet sapien dignissim vestibulum. Vestibulum ante ipsum primis in faucibus orci luctus et ultrices posuere cubilia Curae; Nulla dapibus dolor vel est. Donec odio justo, sollicitudin ut, suscipit a, feugiat et, eros. Vestibulum ac est lacinia nisi venenatis tristique. Fusce congue, diam id ornare imperdiet, sapien urna pretium nisl, ut volutpat sapien arcu sed augue. Aliquam erat volutpat. In congue. Etiam justo. Etiam pretium iaculis justo.', '2019-07-12 10:49:55');
insert into private_message (id, sender_id, receiver_id, message_title, sent_message, time_of_post) values (86, 19, 5, 'Dark, The', 'Proin interdum mauris non ligula pellentesque ultrices. Phasellus id sapien in sapien iaculis congue. Vivamus metus arcu, adipiscing molestie, hendrerit at, vulputate vitae, nisl. Aenean lectus. Pellentesque eget nunc. Donec quis orci eget orci vehicula condimentum. Curabitur in libero ut massa volutpat convallis.', '2018-09-20 20:09:47');
insert into private_message (id, sender_id, receiver_id, message_title, sent_message, time_of_post) values (87, 7, 12, 'Power and Terror: Noam Chomsky in Our Times', 'Etiam vel augue. Vestibulum rutrum rutrum neque. Aenean auctor gravida sem. Praesent id massa id nisl venenatis lacinia. Aenean sit amet justo.', '2019-01-25 12:44:57');
insert into private_message (id, sender_id, receiver_id, message_title, sent_message, time_of_post) values (88, 13, 9, 'That Darn Cat!', 'In est risus, auctor sed, tristique in, tempus sit amet, sem. Fusce consequat. Nulla nisl. Nunc nisl.', '2019-05-05 05:22:54');
insert into private_message (id, sender_id, receiver_id, message_title, sent_message, time_of_post) values (89, 20, 9, 'Fargo', 'In hac habitasse platea dictumst. Aliquam augue quam, sollicitudin vitae, consectetuer eget, rutrum at, lorem. Integer tincidunt ante vel ipsum. Praesent blandit lacinia erat. Vestibulum sed magna at nunc commodo placerat. Praesent blandit. Nam nulla. Integer pede justo, lacinia eget, tincidunt eget, tempus vel, pede. Morbi porttitor lorem id ligula. Suspendisse ornare consequat lectus.', '2018-09-15 09:54:52');
insert into private_message (id, sender_id, receiver_id, message_title, sent_message, time_of_post) values (90, 8, 7, 'Touch of Zen, A (Xia nu)', 'Integer a nibh. In quis justo. Maecenas rhoncus aliquam lacus. Morbi quis tortor id nulla ultrices aliquet. Maecenas leo odio, condimentum id, luctus nec, molestie sed, justo.', '2019-06-06 11:32:44');
insert into private_message (id, sender_id, receiver_id, message_title, sent_message, time_of_post) values (91, 15, 12, 'Paranoia', 'Morbi vestibulum, velit id pretium iaculis, diam erat fermentum justo, nec condimentum neque sapien placerat ante. Nulla justo. Aliquam quis turpis eget elit sodales scelerisque. Mauris sit amet eros.', '2019-06-30 14:52:18');
insert into private_message (id, sender_id, receiver_id, message_title, sent_message, time_of_post) values (92, 15, 10, 'Attack, The', 'Integer non velit. Donec diam neque, vestibulum eget, vulputate ut, ultrices vel, augue. Vestibulum ante ipsum primis in faucibus orci luctus et ultrices posuere cubilia Curae; Donec pharetra, magna vestibulum aliquet ultrices, erat tortor sollicitudin mi, sit amet lobortis sapien sapien non mi. Integer ac neque. Duis bibendum. Morbi non quam nec dui luctus rutrum. Nulla tellus.', '2019-03-13 23:09:00');
insert into private_message (id, sender_id, receiver_id, message_title, sent_message, time_of_post) values (93, 17, 8, 'Ghost in the Machine (a.k.a. Deadly Terror)', 'Cum sociis natoque penatibus et magnis dis parturient montes, nascetur ridiculus mus. Vivamus vestibulum sagittis sapien. Cum sociis natoque penatibus et magnis dis parturient montes, nascetur ridiculus mus. Etiam vel augue. Vestibulum rutrum rutrum neque. Aenean auctor gravida sem.', '2019-07-05 21:33:48');
insert into private_message (id, sender_id, receiver_id, message_title, sent_message, time_of_post) values (94, 16, 8, 'Let It Ride', 'Donec ut dolor. Morbi vel lectus in quam fringilla rhoncus. Mauris enim leo, rhoncus sed, vestibulum sit amet, cursus id, turpis.', '2018-10-04 08:24:07');
insert into private_message (id, sender_id, receiver_id, message_title, sent_message, time_of_post) values (95, 11, 1, 'Blast of Silence', 'Curabitur convallis. Duis consequat dui nec nisi volutpat eleifend. Donec ut dolor. Morbi vel lectus in quam fringilla rhoncus. Mauris enim leo, rhoncus sed, vestibulum sit amet, cursus id, turpis. Integer aliquet, massa id lobortis convallis, tortor risus dapibus augue, vel accumsan tellus nisi eu orci. Mauris lacinia sapien quis libero. Nullam sit amet turpis elementum ligula vehicula consequat. Morbi a ipsum. Integer a nibh.', '2019-08-23 16:43:10');
insert into private_message (id, sender_id, receiver_id, message_title, sent_message, time_of_post) values (96, 14, 4, 'I Will Buy You (Anata kaimasu)', 'In hac habitasse platea dictumst. Morbi vestibulum, velit id pretium iaculis, diam erat fermentum justo, nec condimentum neque sapien placerat ante. Nulla justo.', '2019-04-01 05:17:17');
insert into private_message (id, sender_id, receiver_id, message_title, sent_message, time_of_post) values (97, 8, 2, 'Strangeland', 'Integer a nibh. In quis justo. Maecenas rhoncus aliquam lacus. Morbi quis tortor id nulla ultrices aliquet. Maecenas leo odio, condimentum id, luctus nec, molestie sed, justo.', '2019-07-26 17:50:50');
insert into private_message (id, sender_id, receiver_id, message_title, sent_message, time_of_post) values (98, 4, 8, 'Mrs. Pollifax-Spy', 'Etiam faucibus cursus urna. Ut tellus. Nulla ut erat id mauris vulputate elementum. Nullam varius. Nulla facilisi. Cras non velit nec nisi vulputate nonummy. Maecenas tincidunt lacus at velit. Vivamus vel nulla eget eros elementum pellentesque. Quisque porta volutpat erat.', '2018-11-22 11:24:45');
insert into private_message (id, sender_id, receiver_id, message_title, sent_message, time_of_post) values (99, 11, 8, 'So Evil, So Young', 'Proin leo odio, porttitor id, consequat in, consequat ut, nulla. Sed accumsan felis. Ut at dolor quis odio consequat varius. Integer ac leo. Pellentesque ultrices mattis odio. Donec vitae nisi.', '2019-05-15 11:11:53');
insert into private_message (id, sender_id, receiver_id, message_title, sent_message, time_of_post) values (100, 18, 11, 'Clean Slate', 'Suspendisse potenti. In eleifend quam a odio. In hac habitasse platea dictumst. Maecenas ut massa quis augue luctus tincidunt. Nulla mollis molestie lorem. Quisque ut erat. Curabitur gravida nisi at nibh.', '2019-06-25 17:43:58');
insert into private_message (id, sender_id, receiver_id, message_title, sent_message, time_of_post) values (101, 11, 12, 'Q: The Winged Serpent', 'Sed sagittis.', '2018-09-18 08:15:02');
insert into private_message (id, sender_id, receiver_id, message_title, sent_message, time_of_post) values (102, 3, 12, 'La Morte Rouge', 'Nunc nisl. Duis bibendum, felis sed interdum venenatis, turpis enim blandit mi, in porttitor pede justo eu massa. Donec dapibus. Duis at velit eu est congue elementum. In hac habitasse platea dictumst. Morbi vestibulum, velit id pretium iaculis, diam erat fermentum justo, nec condimentum neque sapien placerat ante. Nulla justo. Aliquam quis turpis eget elit sodales scelerisque. Mauris sit amet eros. Suspendisse accumsan tortor quis turpis.', '2019-08-13 03:54:07');
insert into private_message (id, sender_id, receiver_id, message_title, sent_message, time_of_post) values (103, 16, 19, 'Whirlpool', 'Lorem ipsum dolor sit amet, consectetuer adipiscing elit. Proin interdum mauris non ligula pellentesque ultrices. Phasellus id sapien in sapien iaculis congue. Vivamus metus arcu, adipiscing molestie, hendrerit at, vulputate vitae, nisl.', '2018-12-28 01:23:20');
insert into private_message (id, sender_id, receiver_id, message_title, sent_message, time_of_post) values (104, 7, 17, 'Harry Potter and the Chamber of Secrets', 'Nulla justo. Aliquam quis turpis eget elit sodales scelerisque. Mauris sit amet eros. Suspendisse accumsan tortor quis turpis. Sed ante. Vivamus tortor. Duis mattis egestas metus.', '2018-09-11 18:22:21');
insert into private_message (id, sender_id, receiver_id, message_title, sent_message, time_of_post) values (105, 7, 19, 'Possession', 'Mauris enim leo, rhoncus sed, vestibulum sit amet, cursus id, turpis. Integer aliquet, massa id lobortis convallis, tortor risus dapibus augue, vel accumsan tellus nisi eu orci. Mauris lacinia sapien quis libero. Nullam sit amet turpis elementum ligula vehicula consequat. Morbi a ipsum.', '2019-02-20 21:31:52');
insert into private_message (id, sender_id, receiver_id, message_title, sent_message, time_of_post) values (106, 9, 15, 'Gantz: Perfect Answer', 'Ut at dolor quis odio consequat varius.', '2019-08-26 16:55:31');
insert into private_message (id, sender_id, receiver_id, message_title, sent_message, time_of_post) values (107, 8, 13, 'Brightness (Yeelen)', 'In blandit ultrices enim.', '2018-12-16 16:22:40');
insert into private_message (id, sender_id, receiver_id, message_title, sent_message, time_of_post) values (108, 2, 10, '3, 2, 1... Frankie Go Boom (Frankie Go Boom)', 'Nunc purus. Phasellus in felis. Donec semper sapien a libero.', '2018-09-30 15:42:51');
insert into private_message (id, sender_id, receiver_id, message_title, sent_message, time_of_post) values (109, 7, 9, 'Go-Between, The', 'Suspendisse ornare consequat lectus.', '2018-12-16 17:06:13');
insert into private_message (id, sender_id, receiver_id, message_title, sent_message, time_of_post) values (110, 12, 5, 'Berserk: The Golden Age Arc - The Egg of the King', 'Proin at turpis a pede posuere nonummy.', '2019-03-04 06:01:05');
insert into private_message (id, sender_id, receiver_id, message_title, sent_message, time_of_post) values (111, 13, 12, 'Cleopatra', 'Proin at turpis a pede posuere nonummy. Integer non velit.', '2019-06-17 14:59:20');
insert into private_message (id, sender_id, receiver_id, message_title, sent_message, time_of_post) values (112, 18, 14, 'Celine: Through the Eyes of the World', 'Mauris lacinia sapien quis libero. Nullam sit amet turpis elementum ligula vehicula consequat.', '2019-05-08 15:13:09');
insert into private_message (id, sender_id, receiver_id, message_title, sent_message, time_of_post) values (113, 2, 17, 'Murder of Crows, A', 'Maecenas leo odio, condimentum id, luctus nec, molestie sed, justo. Pellentesque viverra pede ac diam. Cras pellentesque volutpat dui. Maecenas tristique, est et tempus semper, est quam pharetra magna, ac consequat metus sapien ut nunc. Vestibulum ante ipsum primis in faucibus orci luctus et ultrices posuere cubilia Curae; Mauris viverra diam vitae quam. Suspendisse potenti. Nullam porttitor lacus at turpis.', '2019-02-06 17:15:03');
insert into private_message (id, sender_id, receiver_id, message_title, sent_message, time_of_post) values (114, 6, 9, 'Edges of the Lord', 'Aliquam quis turpis eget elit sodales scelerisque. Mauris sit amet eros. Suspendisse accumsan tortor quis turpis.', '2019-08-21 13:00:12');
insert into private_message (id, sender_id, receiver_id, message_title, sent_message, time_of_post) values (115, 1, 11, 'Big Trouble in Little China', 'In hac habitasse platea dictumst. Etiam faucibus cursus urna. Ut tellus. Nulla ut erat id mauris vulputate elementum.', '2018-12-04 16:01:20');
insert into private_message (id, sender_id, receiver_id, message_title, sent_message, time_of_post) values (116, 14, 6, 'Next Stop, Greenwich Village', 'Aliquam non mauris. Morbi non lectus. Aliquam sit amet diam in magna bibendum imperdiet. Nullam orci pede, venenatis non, sodales sed, tincidunt eu, felis. Fusce posuere felis sed lacus. Morbi sem mauris, laoreet ut, rhoncus aliquet, pulvinar sed, nisl. Nunc rhoncus dui vel sem.', '2018-11-08 04:58:18');
insert into private_message (id, sender_id, receiver_id, message_title, sent_message, time_of_post) values (117, 4, 7, 'Alien: Resurrection', 'Morbi a ipsum. Integer a nibh. In quis justo. Maecenas rhoncus aliquam lacus. Morbi quis tortor id nulla ultrices aliquet. Maecenas leo odio, condimentum id, luctus nec, molestie sed, justo. Pellentesque viverra pede ac diam. Cras pellentesque volutpat dui. Maecenas tristique, est et tempus semper, est quam pharetra magna, ac consequat metus sapien ut nunc. Vestibulum ante ipsum primis in faucibus orci luctus et ultrices posuere cubilia Curae; Mauris viverra diam vitae quam.', '2019-04-04 07:56:08');
insert into private_message (id, sender_id, receiver_id, message_title, sent_message, time_of_post) values (118, 7, 20, 'Deadly Mantis, The', 'Proin interdum mauris non ligula pellentesque ultrices. Phasellus id sapien in sapien iaculis congue. Vivamus metus arcu, adipiscing molestie, hendrerit at, vulputate vitae, nisl. Aenean lectus. Pellentesque eget nunc. Donec quis orci eget orci vehicula condimentum. Curabitur in libero ut massa volutpat convallis. Morbi odio odio, elementum eu, interdum eu, tincidunt in, leo. Maecenas pulvinar lobortis est.', '2019-08-16 21:28:16');
insert into private_message (id, sender_id, receiver_id, message_title, sent_message, time_of_post) values (119, 1, 4, 'Luther', 'In sagittis dui vel nisl. Duis ac nibh. Fusce lacus purus, aliquet at, feugiat non, pretium quis, lectus. Suspendisse potenti. In eleifend quam a odio.', '2019-05-12 12:53:18');
insert into private_message (id, sender_id, receiver_id, message_title, sent_message, time_of_post) values (120, 8, 1, 'Zerophilia', 'Nullam porttitor lacus at turpis.', '2018-10-25 00:07:13');
insert into private_message (id, sender_id, receiver_id, message_title, sent_message, time_of_post) values (121, 11, 7, 'Rudolph the Red-Nosed Reindeer: The Movie', 'Duis aliquam convallis nunc. Proin at turpis a pede posuere nonummy. Integer non velit. Donec diam neque, vestibulum eget, vulputate ut, ultrices vel, augue. Vestibulum ante ipsum primis in faucibus orci luctus et ultrices posuere cubilia Curae; Donec pharetra, magna vestibulum aliquet ultrices, erat tortor sollicitudin mi, sit amet lobortis sapien sapien non mi. Integer ac neque. Duis bibendum. Morbi non quam nec dui luctus rutrum.', '2019-02-08 01:56:08');
insert into private_message (id, sender_id, receiver_id, message_title, sent_message, time_of_post) values (122, 5, 10, 'Faces of Death 3', 'Nulla tellus. In sagittis dui vel nisl. Duis ac nibh. Fusce lacus purus, aliquet at, feugiat non, pretium quis, lectus. Suspendisse potenti. In eleifend quam a odio. In hac habitasse platea dictumst. Maecenas ut massa quis augue luctus tincidunt. Nulla mollis molestie lorem. Quisque ut erat.', '2019-07-31 17:44:45');
insert into private_message (id, sender_id, receiver_id, message_title, sent_message, time_of_post) values (123, 9, 20, 'One Hour Photo', 'Nunc purus.', '2018-11-13 07:06:56');
insert into private_message (id, sender_id, receiver_id, message_title, sent_message, time_of_post) values (124, 14, 15, 'Home of Dark Butterflies, The (Tummien perhosten koti)', 'Duis bibendum, felis sed interdum venenatis, turpis enim blandit mi, in porttitor pede justo eu massa. Donec dapibus. Duis at velit eu est congue elementum. In hac habitasse platea dictumst. Morbi vestibulum, velit id pretium iaculis, diam erat fermentum justo, nec condimentum neque sapien placerat ante. Nulla justo.', '2019-03-16 00:07:31');
insert into private_message (id, sender_id, receiver_id, message_title, sent_message, time_of_post) values (125, 18, 4, 'Organizer, The (I compagni)', 'Nulla ac enim. In tempor, turpis nec euismod scelerisque, quam turpis adipiscing lorem, vitae mattis nibh ligula nec sem. Duis aliquam convallis nunc. Proin at turpis a pede posuere nonummy. Integer non velit. Donec diam neque, vestibulum eget, vulputate ut, ultrices vel, augue.', '2019-06-08 17:25:27');
insert into private_message (id, sender_id, receiver_id, message_title, sent_message, time_of_post) values (126, 9, 7, 'Star Packer, The', 'In blandit ultrices enim. Lorem ipsum dolor sit amet, consectetuer adipiscing elit.', '2018-10-20 11:16:39');
insert into private_message (id, sender_id, receiver_id, message_title, sent_message, time_of_post) values (127, 9, 18, '12 Angry Men', 'Morbi porttitor lorem id ligula. Suspendisse ornare consequat lectus. In est risus, auctor sed, tristique in, tempus sit amet, sem. Fusce consequat. Nulla nisl. Nunc nisl. Duis bibendum, felis sed interdum venenatis, turpis enim blandit mi, in porttitor pede justo eu massa.', '2019-02-19 18:03:29');
insert into private_message (id, sender_id, receiver_id, message_title, sent_message, time_of_post) values (128, 17, 5, 'Betrayed (True and the Brave, The)', 'In hac habitasse platea dictumst. Etiam faucibus cursus urna. Ut tellus. Nulla ut erat id mauris vulputate elementum. Nullam varius. Nulla facilisi. Cras non velit nec nisi vulputate nonummy. Maecenas tincidunt lacus at velit.', '2019-01-22 21:48:02');
insert into private_message (id, sender_id, receiver_id, message_title, sent_message, time_of_post) values (129, 20, 4, 'Jazz', 'Vivamus vel nulla eget eros elementum pellentesque. Quisque porta volutpat erat. Quisque erat eros, viverra eget, congue eget, semper rutrum, nulla. Nunc purus. Phasellus in felis. Donec semper sapien a libero. Nam dui.', '2019-03-21 11:27:27');
insert into private_message (id, sender_id, receiver_id, message_title, sent_message, time_of_post) values (130, 10, 6, 'Mrs. Parker and the Vicious Circle', 'Nullam sit amet turpis elementum ligula vehicula consequat. Morbi a ipsum. Integer a nibh. In quis justo. Maecenas rhoncus aliquam lacus. Morbi quis tortor id nulla ultrices aliquet.', '2019-01-18 13:12:05');
insert into private_message (id, sender_id, receiver_id, message_title, sent_message, time_of_post) values (131, 19, 17, 'Debt, The', 'Cum sociis natoque penatibus et magnis dis parturient montes, nascetur ridiculus mus. Etiam vel augue. Vestibulum rutrum rutrum neque. Aenean auctor gravida sem. Praesent id massa id nisl venenatis lacinia.', '2019-02-24 09:09:30');
insert into private_message (id, sender_id, receiver_id, message_title, sent_message, time_of_post) values (132, 17, 11, 'Vitus', 'In quis justo. Maecenas rhoncus aliquam lacus.', '2018-09-29 16:26:04');
insert into private_message (id, sender_id, receiver_id, message_title, sent_message, time_of_post) values (133, 14, 18, 'Dragon: The Bruce Lee Story', 'Aliquam non mauris. Morbi non lectus. Aliquam sit amet diam in magna bibendum imperdiet. Nullam orci pede, venenatis non, sodales sed, tincidunt eu, felis. Fusce posuere felis sed lacus.', '2019-07-11 19:08:18');
insert into private_message (id, sender_id, receiver_id, message_title, sent_message, time_of_post) values (134, 5, 16, 'Appleseed Alpha', 'Vivamus vestibulum sagittis sapien. Cum sociis natoque penatibus et magnis dis parturient montes, nascetur ridiculus mus. Etiam vel augue. Vestibulum rutrum rutrum neque. Aenean auctor gravida sem. Praesent id massa id nisl venenatis lacinia.', '2019-05-22 05:21:10');
insert into private_message (id, sender_id, receiver_id, message_title, sent_message, time_of_post) values (135, 12, 15, 'Nightmare Factory', 'Nam dui. Proin leo odio, porttitor id, consequat in, consequat ut, nulla. Sed accumsan felis. Ut at dolor quis odio consequat varius. Integer ac leo. Pellentesque ultrices mattis odio. Donec vitae nisi. Nam ultrices, libero non mattis pulvinar, nulla pede ullamcorper augue, a suscipit nulla elit ac nulla. Sed vel enim sit amet nunc viverra dapibus.', '2019-07-21 03:21:35');
insert into private_message (id, sender_id, receiver_id, message_title, sent_message, time_of_post) values (136, 15, 1, 'Luminarias', 'Fusce posuere felis sed lacus. Morbi sem mauris, laoreet ut, rhoncus aliquet, pulvinar sed, nisl. Nunc rhoncus dui vel sem. Sed sagittis. Nam congue, risus semper porta volutpat, quam pede lobortis ligula, sit amet eleifend pede libero quis orci. Nullam molestie nibh in lectus. Pellentesque at nulla. Suspendisse potenti. Cras in purus eu magna vulputate luctus.', '2019-02-04 17:26:26');
insert into private_message (id, sender_id, receiver_id, message_title, sent_message, time_of_post) values (137, 2, 9, 'Sol ', 'Fusce lacus purus, aliquet at, feugiat non, pretium quis, lectus. Suspendisse potenti. In eleifend quam a odio. In hac habitasse platea dictumst. Maecenas ut massa quis augue luctus tincidunt. Nulla mollis molestie lorem. Quisque ut erat. Curabitur gravida nisi at nibh. In hac habitasse platea dictumst. Aliquam augue quam, sollicitudin vitae, consectetuer eget, rutrum at, lorem.', '2019-07-20 06:27:31');
insert into private_message (id, sender_id, receiver_id, message_title, sent_message, time_of_post) values (138, 11, 19, 'Making a Killing: The Untold Story of Psychotropic Drugging', 'Donec odio justo, sollicitudin ut, suscipit a, feugiat et, eros. Vestibulum ac est lacinia nisi venenatis tristique. Fusce congue, diam id ornare imperdiet, sapien urna pretium nisl, ut volutpat sapien arcu sed augue. Aliquam erat volutpat. In congue. Etiam justo. Etiam pretium iaculis justo. In hac habitasse platea dictumst.', '2019-05-27 22:39:58');
insert into private_message (id, sender_id, receiver_id, message_title, sent_message, time_of_post) values (139, 4, 2, 'Kremlin Letter, The', 'Nulla tellus. In sagittis dui vel nisl.', '2019-06-16 16:48:42');
insert into private_message (id, sender_id, receiver_id, message_title, sent_message, time_of_post) values (140, 5, 15, 'Heart of a Dog (Sobachye serdtse)', 'Nulla suscipit ligula in lacus. Curabitur at ipsum ac tellus semper interdum. Mauris ullamcorper purus sit amet nulla.', '2019-05-05 20:13:29');
insert into private_message (id, sender_id, receiver_id, message_title, sent_message, time_of_post) values (141, 14, 16, 'King of New York', 'Nulla ut erat id mauris vulputate elementum. Nullam varius. Nulla facilisi. Cras non velit nec nisi vulputate nonummy. Maecenas tincidunt lacus at velit. Vivamus vel nulla eget eros elementum pellentesque. Quisque porta volutpat erat. Quisque erat eros, viverra eget, congue eget, semper rutrum, nulla. Nunc purus. Phasellus in felis.', '2019-02-05 01:51:38');
insert into private_message (id, sender_id, receiver_id, message_title, sent_message, time_of_post) values (142, 10, 15, 'Lego: The Adventures of Clutch Powers', 'Vestibulum ante ipsum primis in faucibus orci luctus et ultrices posuere cubilia Curae; Nulla dapibus dolor vel est. Donec odio justo, sollicitudin ut, suscipit a, feugiat et, eros.', '2018-10-01 14:02:59');
insert into private_message (id, sender_id, receiver_id, message_title, sent_message, time_of_post) values (143, 1, 2, 'Beyond the Lights', 'Ut tellus. Nulla ut erat id mauris vulputate elementum. Nullam varius. Nulla facilisi.', '2019-08-31 21:02:14');
insert into private_message (id, sender_id, receiver_id, message_title, sent_message, time_of_post) values (144, 3, 6, 'When Dinosaurs Ruled the Earth', 'Proin risus. Praesent lectus. Vestibulum quam sapien, varius ut, blandit non, interdum in, ante. Vestibulum ante ipsum primis in faucibus orci luctus et ultrices posuere cubilia Curae; Duis faucibus accumsan odio. Curabitur convallis. Duis consequat dui nec nisi volutpat eleifend.', '2019-04-04 07:02:04');
insert into private_message (id, sender_id, receiver_id, message_title, sent_message, time_of_post) values (145, 19, 5, 'Teen Spirit', 'Fusce congue, diam id ornare imperdiet, sapien urna pretium nisl, ut volutpat sapien arcu sed augue. Aliquam erat volutpat. In congue.', '2018-10-09 08:50:00');
insert into private_message (id, sender_id, receiver_id, message_title, sent_message, time_of_post) values (146, 10, 19, 'Transcendence', 'Vestibulum ante ipsum primis in faucibus orci luctus et ultrices posuere cubilia Curae; Mauris viverra diam vitae quam. Suspendisse potenti. Nullam porttitor lacus at turpis. Donec posuere metus vitae ipsum.', '2019-08-10 06:01:38');
insert into private_message (id, sender_id, receiver_id, message_title, sent_message, time_of_post) values (147, 13, 15, 'Konopielka', 'Nulla facilisi. Cras non velit nec nisi vulputate nonummy. Maecenas tincidunt lacus at velit. Vivamus vel nulla eget eros elementum pellentesque. Quisque porta volutpat erat. Quisque erat eros, viverra eget, congue eget, semper rutrum, nulla.', '2019-09-08 13:54:56');
insert into private_message (id, sender_id, receiver_id, message_title, sent_message, time_of_post) values (148, 5, 6, 'Death in the Garden (Mort en ce jardin, La)', 'Proin eu mi. Nulla ac enim. In tempor, turpis nec euismod scelerisque, quam turpis adipiscing lorem, vitae mattis nibh ligula nec sem. Duis aliquam convallis nunc. Proin at turpis a pede posuere nonummy. Integer non velit. Donec diam neque, vestibulum eget, vulputate ut, ultrices vel, augue.', '2019-02-07 19:29:41');
insert into private_message (id, sender_id, receiver_id, message_title, sent_message, time_of_post) values (149, 17, 9, 'Asylum', 'Aenean fermentum. Donec ut mauris eget massa tempor convallis. Nulla neque libero, convallis eget, eleifend luctus, ultricies eu, nibh. Quisque id justo sit amet sapien dignissim vestibulum. Vestibulum ante ipsum primis in faucibus orci luctus et ultrices posuere cubilia Curae; Nulla dapibus dolor vel est. Donec odio justo, sollicitudin ut, suscipit a, feugiat et, eros. Vestibulum ac est lacinia nisi venenatis tristique.', '2019-03-20 02:35:36');
insert into private_message (id, sender_id, receiver_id, message_title, sent_message, time_of_post) values (150, 3, 17, 'In a World...', 'Nullam varius. Nulla facilisi.', '2019-01-03 19:54:50');
insert into private_message (id, sender_id, receiver_id, message_title, sent_message, time_of_post) values (151, 10, 17, 'Species', 'In hac habitasse platea dictumst. Maecenas ut massa quis augue luctus tincidunt. Nulla mollis molestie lorem. Quisque ut erat. Curabitur gravida nisi at nibh. In hac habitasse platea dictumst. Aliquam augue quam, sollicitudin vitae, consectetuer eget, rutrum at, lorem.', '2018-11-09 09:14:43');
insert into private_message (id, sender_id, receiver_id, message_title, sent_message, time_of_post) values (152, 5, 13, 'Glenn Miller Story, The', 'Aliquam non mauris. Morbi non lectus.', '2019-07-21 09:36:52');
insert into private_message (id, sender_id, receiver_id, message_title, sent_message, time_of_post) values (153, 2, 11, 'Murders in the Zoo', 'Nulla tellus. In sagittis dui vel nisl. Duis ac nibh. Fusce lacus purus, aliquet at, feugiat non, pretium quis, lectus. Suspendisse potenti. In eleifend quam a odio.', '2018-11-16 04:38:36');
insert into private_message (id, sender_id, receiver_id, message_title, sent_message, time_of_post) values (154, 13, 3, 'Godzilla', 'Quisque ut erat.', '2018-12-04 10:04:37');
insert into private_message (id, sender_id, receiver_id, message_title, sent_message, time_of_post) values (155, 13, 20, 'Go West', 'Donec quis orci eget orci vehicula condimentum.', '2019-01-17 01:33:24');
insert into private_message (id, sender_id, receiver_id, message_title, sent_message, time_of_post) values (156, 7, 1, 'Advise and Consent', 'Praesent lectus. Vestibulum quam sapien, varius ut, blandit non, interdum in, ante.', '2019-07-02 23:21:52');
insert into private_message (id, sender_id, receiver_id, message_title, sent_message, time_of_post) values (157, 14, 12, 'Iria: Zeiram the Animation ', 'In est risus, auctor sed, tristique in, tempus sit amet, sem. Fusce consequat. Nulla nisl. Nunc nisl. Duis bibendum, felis sed interdum venenatis, turpis enim blandit mi, in porttitor pede justo eu massa. Donec dapibus. Duis at velit eu est congue elementum. In hac habitasse platea dictumst. Morbi vestibulum, velit id pretium iaculis, diam erat fermentum justo, nec condimentum neque sapien placerat ante. Nulla justo.', '2018-10-06 01:35:57');
insert into private_message (id, sender_id, receiver_id, message_title, sent_message, time_of_post) values (158, 8, 20, 'Maradona, the Hand of God (Maradona, la mano di Dio)', 'Lorem ipsum dolor sit amet, consectetuer adipiscing elit. Proin interdum mauris non ligula pellentesque ultrices. Phasellus id sapien in sapien iaculis congue. Vivamus metus arcu, adipiscing molestie, hendrerit at, vulputate vitae, nisl. Aenean lectus. Pellentesque eget nunc.', '2018-10-24 22:46:57');
insert into private_message (id, sender_id, receiver_id, message_title, sent_message, time_of_post) values (159, 16, 18, 'Zerophilia', 'Nulla justo. Aliquam quis turpis eget elit sodales scelerisque.', '2019-02-01 03:58:16');
insert into private_message (id, sender_id, receiver_id, message_title, sent_message, time_of_post) values (160, 15, 1, 'Topaze', 'Duis ac nibh. Fusce lacus purus, aliquet at, feugiat non, pretium quis, lectus.', '2019-06-13 15:40:03');
insert into private_message (id, sender_id, receiver_id, message_title, sent_message, time_of_post) values (161, 20, 10, 'Mirrors', 'Maecenas tincidunt lacus at velit. Vivamus vel nulla eget eros elementum pellentesque. Quisque porta volutpat erat. Quisque erat eros, viverra eget, congue eget, semper rutrum, nulla. Nunc purus. Phasellus in felis. Donec semper sapien a libero.', '2018-10-11 00:48:02');
insert into private_message (id, sender_id, receiver_id, message_title, sent_message, time_of_post) values (162, 13, 10, 'The Kingdom of Dreams and Madness', 'Duis bibendum. Morbi non quam nec dui luctus rutrum. Nulla tellus. In sagittis dui vel nisl. Duis ac nibh. Fusce lacus purus, aliquet at, feugiat non, pretium quis, lectus. Suspendisse potenti. In eleifend quam a odio. In hac habitasse platea dictumst.', '2019-01-03 11:39:22');
insert into private_message (id, sender_id, receiver_id, message_title, sent_message, time_of_post) values (163, 5, 14, 'Without Warning (a.k.a. Alien Warning) (a.k.a. It Came Without Warning)', 'Vestibulum quam sapien, varius ut, blandit non, interdum in, ante. Vestibulum ante ipsum primis in faucibus orci luctus et ultrices posuere cubilia Curae; Duis faucibus accumsan odio. Curabitur convallis. Duis consequat dui nec nisi volutpat eleifend. Donec ut dolor.', '2018-11-12 05:18:07');
insert into private_message (id, sender_id, receiver_id, message_title, sent_message, time_of_post) values (164, 8, 6, 'Mighty Quinn, The', 'Morbi non quam nec dui luctus rutrum. Nulla tellus. In sagittis dui vel nisl. Duis ac nibh. Fusce lacus purus, aliquet at, feugiat non, pretium quis, lectus. Suspendisse potenti. In eleifend quam a odio. In hac habitasse platea dictumst. Maecenas ut massa quis augue luctus tincidunt. Nulla mollis molestie lorem.', '2018-10-09 08:05:08');
insert into private_message (id, sender_id, receiver_id, message_title, sent_message, time_of_post) values (165, 2, 20, 'David and Lisa', 'In congue. Etiam justo. Etiam pretium iaculis justo. In hac habitasse platea dictumst. Etiam faucibus cursus urna. Ut tellus. Nulla ut erat id mauris vulputate elementum. Nullam varius. Nulla facilisi.', '2019-07-21 19:44:12');
insert into private_message (id, sender_id, receiver_id, message_title, sent_message, time_of_post) values (166, 6, 11, 'Admission', 'Donec diam neque, vestibulum eget, vulputate ut, ultrices vel, augue. Vestibulum ante ipsum primis in faucibus orci luctus et ultrices posuere cubilia Curae; Donec pharetra, magna vestibulum aliquet ultrices, erat tortor sollicitudin mi, sit amet lobortis sapien sapien non mi. Integer ac neque. Duis bibendum. Morbi non quam nec dui luctus rutrum.', '2019-03-15 09:46:31');
insert into private_message (id, sender_id, receiver_id, message_title, sent_message, time_of_post) values (167, 10, 10, 'Swan, The', 'Lorem ipsum dolor sit amet, consectetuer adipiscing elit. Proin risus. Praesent lectus. Vestibulum quam sapien, varius ut, blandit non, interdum in, ante. Vestibulum ante ipsum primis in faucibus orci luctus et ultrices posuere cubilia Curae; Duis faucibus accumsan odio.', '2019-02-21 10:14:50');
insert into private_message (id, sender_id, receiver_id, message_title, sent_message, time_of_post) values (168, 10, 17, 'Dealin'' with Idiots', 'Proin at turpis a pede posuere nonummy. Integer non velit. Donec diam neque, vestibulum eget, vulputate ut, ultrices vel, augue. Vestibulum ante ipsum primis in faucibus orci luctus et ultrices posuere cubilia Curae; Donec pharetra, magna vestibulum aliquet ultrices, erat tortor sollicitudin mi, sit amet lobortis sapien sapien non mi. Integer ac neque. Duis bibendum.', '2019-04-04 05:45:41');
insert into private_message (id, sender_id, receiver_id, message_title, sent_message, time_of_post) values (169, 13, 2, 'Children of the Corn III', 'In tempor, turpis nec euismod scelerisque, quam turpis adipiscing lorem, vitae mattis nibh ligula nec sem. Duis aliquam convallis nunc. Proin at turpis a pede posuere nonummy. Integer non velit. Donec diam neque, vestibulum eget, vulputate ut, ultrices vel, augue.', '2019-04-11 12:36:57');
insert into private_message (id, sender_id, receiver_id, message_title, sent_message, time_of_post) values (170, 4, 12, 'Atomic Brain, The', 'Morbi ut odio.', '2018-10-25 14:50:03');
insert into private_message (id, sender_id, receiver_id, message_title, sent_message, time_of_post) values (171, 12, 15, 'Desperate', 'Etiam vel augue. Vestibulum rutrum rutrum neque. Aenean auctor gravida sem. Praesent id massa id nisl venenatis lacinia. Aenean sit amet justo. Morbi ut odio. Cras mi pede, malesuada in, imperdiet et, commodo vulputate, justo.', '2019-06-08 20:28:54');
insert into private_message (id, sender_id, receiver_id, message_title, sent_message, time_of_post) values (172, 14, 10, 'Don''t Tempt Me (Sin noticias de Dios)', 'In hac habitasse platea dictumst.', '2018-10-31 04:28:57');
insert into private_message (id, sender_id, receiver_id, message_title, sent_message, time_of_post) values (173, 8, 17, 'Overcoat, The (Il cappotto)', 'Vestibulum quam sapien, varius ut, blandit non, interdum in, ante. Vestibulum ante ipsum primis in faucibus orci luctus et ultrices posuere cubilia Curae; Duis faucibus accumsan odio. Curabitur convallis.', '2019-02-18 01:54:08');
insert into private_message (id, sender_id, receiver_id, message_title, sent_message, time_of_post) values (174, 10, 10, 'Cat''s-Paw, The', 'Morbi a ipsum. Integer a nibh. In quis justo. Maecenas rhoncus aliquam lacus.', '2019-07-24 02:32:16');
insert into private_message (id, sender_id, receiver_id, message_title, sent_message, time_of_post) values (175, 18, 11, 'Sex Positive', 'Duis aliquam convallis nunc. Proin at turpis a pede posuere nonummy. Integer non velit. Donec diam neque, vestibulum eget, vulputate ut, ultrices vel, augue.', '2019-07-20 16:36:20');
insert into private_message (id, sender_id, receiver_id, message_title, sent_message, time_of_post) values (176, 12, 14, 'Oh, Woe Is Me (Hlas pour moi)', 'Nullam porttitor lacus at turpis. Donec posuere metus vitae ipsum. Aliquam non mauris. Morbi non lectus. Aliquam sit amet diam in magna bibendum imperdiet. Nullam orci pede, venenatis non, sodales sed, tincidunt eu, felis. Fusce posuere felis sed lacus.', '2019-01-11 18:21:36');
insert into private_message (id, sender_id, receiver_id, message_title, sent_message, time_of_post) values (177, 8, 3, 'Thin Blue Lie, The', 'Morbi sem mauris, laoreet ut, rhoncus aliquet, pulvinar sed, nisl. Nunc rhoncus dui vel sem. Sed sagittis.', '2019-02-15 22:59:57');
insert into private_message (id, sender_id, receiver_id, message_title, sent_message, time_of_post) values (178, 7, 6, 'Kid Cannabis', 'Donec dapibus. Duis at velit eu est congue elementum. In hac habitasse platea dictumst. Morbi vestibulum, velit id pretium iaculis, diam erat fermentum justo, nec condimentum neque sapien placerat ante. Nulla justo. Aliquam quis turpis eget elit sodales scelerisque. Mauris sit amet eros. Suspendisse accumsan tortor quis turpis.', '2018-12-28 01:34:45');
insert into private_message (id, sender_id, receiver_id, message_title, sent_message, time_of_post) values (179, 4, 5, 'The Town that Dreaded Sundown', 'Mauris lacinia sapien quis libero. Nullam sit amet turpis elementum ligula vehicula consequat. Morbi a ipsum.', '2019-03-31 08:46:42');
insert into private_message (id, sender_id, receiver_id, message_title, sent_message, time_of_post) values (180, 16, 10, 'Every Man for Himself (Slow Motion) (Sauve qui peut (la vie))', 'Donec diam neque, vestibulum eget, vulputate ut, ultrices vel, augue. Vestibulum ante ipsum primis in faucibus orci luctus et ultrices posuere cubilia Curae; Donec pharetra, magna vestibulum aliquet ultrices, erat tortor sollicitudin mi, sit amet lobortis sapien sapien non mi. Integer ac neque. Duis bibendum. Morbi non quam nec dui luctus rutrum. Nulla tellus. In sagittis dui vel nisl.', '2018-11-12 01:01:18');
insert into private_message (id, sender_id, receiver_id, message_title, sent_message, time_of_post) values (181, 15, 7, 'Middle of the World, The (O Caminho das Nuvens)', 'Suspendisse potenti. Nullam porttitor lacus at turpis. Donec posuere metus vitae ipsum.', '2019-01-17 18:17:38');
insert into private_message (id, sender_id, receiver_id, message_title, sent_message, time_of_post) values (182, 4, 4, 'Fixed Bayonets!', 'Fusce lacus purus, aliquet at, feugiat non, pretium quis, lectus. Suspendisse potenti. In eleifend quam a odio. In hac habitasse platea dictumst. Maecenas ut massa quis augue luctus tincidunt. Nulla mollis molestie lorem. Quisque ut erat. Curabitur gravida nisi at nibh. In hac habitasse platea dictumst.', '2019-03-27 08:59:57');
insert into private_message (id, sender_id, receiver_id, message_title, sent_message, time_of_post) values (183, 16, 18, 'Girls Will Be Girls', 'Suspendisse ornare consequat lectus. In est risus, auctor sed, tristique in, tempus sit amet, sem. Fusce consequat. Nulla nisl.', '2018-10-13 03:53:09');
insert into private_message (id, sender_id, receiver_id, message_title, sent_message, time_of_post) values (184, 17, 15, 'Night of the Lepus', 'In quis justo. Maecenas rhoncus aliquam lacus. Morbi quis tortor id nulla ultrices aliquet. Maecenas leo odio, condimentum id, luctus nec, molestie sed, justo. Pellentesque viverra pede ac diam. Cras pellentesque volutpat dui. Maecenas tristique, est et tempus semper, est quam pharetra magna, ac consequat metus sapien ut nunc. Vestibulum ante ipsum primis in faucibus orci luctus et ultrices posuere cubilia Curae; Mauris viverra diam vitae quam. Suspendisse potenti.', '2018-09-29 18:27:02');
insert into private_message (id, sender_id, receiver_id, message_title, sent_message, time_of_post) values (185, 17, 10, 'Phantom (O Fantasma)', 'In hac habitasse platea dictumst. Maecenas ut massa quis augue luctus tincidunt. Nulla mollis molestie lorem. Quisque ut erat. Curabitur gravida nisi at nibh. In hac habitasse platea dictumst. Aliquam augue quam, sollicitudin vitae, consectetuer eget, rutrum at, lorem. Integer tincidunt ante vel ipsum. Praesent blandit lacinia erat. Vestibulum sed magna at nunc commodo placerat.', '2019-05-11 10:15:10');
insert into private_message (id, sender_id, receiver_id, message_title, sent_message, time_of_post) values (186, 9, 6, 'Nick the Sting', 'In sagittis dui vel nisl. Duis ac nibh. Fusce lacus purus, aliquet at, feugiat non, pretium quis, lectus. Suspendisse potenti. In eleifend quam a odio. In hac habitasse platea dictumst.', '2018-12-08 03:38:27');
insert into private_message (id, sender_id, receiver_id, message_title, sent_message, time_of_post) values (187, 13, 12, 'Always Outnumbered', 'Donec ut dolor. Morbi vel lectus in quam fringilla rhoncus. Mauris enim leo, rhoncus sed, vestibulum sit amet, cursus id, turpis. Integer aliquet, massa id lobortis convallis, tortor risus dapibus augue, vel accumsan tellus nisi eu orci. Mauris lacinia sapien quis libero. Nullam sit amet turpis elementum ligula vehicula consequat. Morbi a ipsum. Integer a nibh. In quis justo.', '2018-12-14 20:02:44');
insert into private_message (id, sender_id, receiver_id, message_title, sent_message, time_of_post) values (188, 13, 8, 'Them!', 'Nulla ac enim. In tempor, turpis nec euismod scelerisque, quam turpis adipiscing lorem, vitae mattis nibh ligula nec sem. Duis aliquam convallis nunc. Proin at turpis a pede posuere nonummy. Integer non velit. Donec diam neque, vestibulum eget, vulputate ut, ultrices vel, augue.', '2019-06-04 21:39:45');
insert into private_message (id, sender_id, receiver_id, message_title, sent_message, time_of_post) values (189, 2, 13, 'Trick or Treat', 'Aenean sit amet justo. Morbi ut odio. Cras mi pede, malesuada in, imperdiet et, commodo vulputate, justo. In blandit ultrices enim.', '2018-10-25 21:23:20');
insert into private_message (id, sender_id, receiver_id, message_title, sent_message, time_of_post) values (190, 2, 13, 'Gods Wedding (As Bodas de Deus)', 'Maecenas tincidunt lacus at velit. Vivamus vel nulla eget eros elementum pellentesque.', '2018-12-10 05:34:36');
insert into private_message (id, sender_id, receiver_id, message_title, sent_message, time_of_post) values (191, 9, 10, 'Pacific Heights', 'Aenean sit amet justo. Morbi ut odio. Cras mi pede, malesuada in, imperdiet et, commodo vulputate, justo. In blandit ultrices enim. Lorem ipsum dolor sit amet, consectetuer adipiscing elit. Proin interdum mauris non ligula pellentesque ultrices. Phasellus id sapien in sapien iaculis congue.', '2019-05-19 17:11:21');
insert into private_message (id, sender_id, receiver_id, message_title, sent_message, time_of_post) values (192, 13, 15, 'New Daughter, The', 'Cras non velit nec nisi vulputate nonummy. Maecenas tincidunt lacus at velit. Vivamus vel nulla eget eros elementum pellentesque.', '2019-02-13 04:02:19');
insert into private_message (id, sender_id, receiver_id, message_title, sent_message, time_of_post) values (193, 5, 11, 'Rabbit', 'Donec posuere metus vitae ipsum. Aliquam non mauris. Morbi non lectus. Aliquam sit amet diam in magna bibendum imperdiet.', '2019-04-20 22:16:23');
insert into private_message (id, sender_id, receiver_id, message_title, sent_message, time_of_post) values (194, 6, 8, 'Voll Normaaal', 'Cras pellentesque volutpat dui. Maecenas tristique, est et tempus semper, est quam pharetra magna, ac consequat metus sapien ut nunc. Vestibulum ante ipsum primis in faucibus orci luctus et ultrices posuere cubilia Curae; Mauris viverra diam vitae quam. Suspendisse potenti. Nullam porttitor lacus at turpis. Donec posuere metus vitae ipsum.', '2018-11-14 05:15:10');
insert into private_message (id, sender_id, receiver_id, message_title, sent_message, time_of_post) values (195, 4, 2, 'Carriers Are Waiting, The (Convoyeurs attendent, Les)', 'Morbi a ipsum. Integer a nibh.', '2018-11-13 23:54:22');
insert into private_message (id, sender_id, receiver_id, message_title, sent_message, time_of_post) values (196, 18, 4, 'Private Lives of Pippa Lee, The', 'In quis justo. Maecenas rhoncus aliquam lacus. Morbi quis tortor id nulla ultrices aliquet.', '2019-03-27 03:10:42');
insert into private_message (id, sender_id, receiver_id, message_title, sent_message, time_of_post) values (197, 5, 12, 'Lawnmower Man, The', 'Vestibulum ante ipsum primis in faucibus orci luctus et ultrices posuere cubilia Curae; Nulla dapibus dolor vel est. Donec odio justo, sollicitudin ut, suscipit a, feugiat et, eros. Vestibulum ac est lacinia nisi venenatis tristique. Fusce congue, diam id ornare imperdiet, sapien urna pretium nisl, ut volutpat sapien arcu sed augue. Aliquam erat volutpat. In congue. Etiam justo. Etiam pretium iaculis justo.', '2019-07-25 14:43:40');
insert into private_message (id, sender_id, receiver_id, message_title, sent_message, time_of_post) values (198, 6, 20, 'Below Sea Level', 'In est risus, auctor sed, tristique in, tempus sit amet, sem. Fusce consequat.', '2018-10-17 17:00:48');
insert into private_message (id, sender_id, receiver_id, message_title, sent_message, time_of_post) values (199, 8, 4, 'Maniac', 'Pellentesque viverra pede ac diam. Cras pellentesque volutpat dui. Maecenas tristique, est et tempus semper, est quam pharetra magna, ac consequat metus sapien ut nunc. Vestibulum ante ipsum primis in faucibus orci luctus et ultrices posuere cubilia Curae; Mauris viverra diam vitae quam. Suspendisse potenti. Nullam porttitor lacus at turpis.', '2018-12-15 06:17:19');
insert into private_message (id, sender_id, receiver_id, message_title, sent_message, time_of_post) values (200, 20, 7, 'Most Dangerous Man in America: Daniel Ellsberg and the Pentagon Papers, The', 'Phasellus sit amet erat. Nulla tempus. Vivamus in felis eu sapien cursus vestibulum. Proin eu mi. Nulla ac enim. In tempor, turpis nec euismod scelerisque, quam turpis adipiscing lorem, vitae mattis nibh ligula nec sem.', '2019-03-31 10:06:58');









